Abiotrophia_defectiva_ATCC_49176,biomass082
Acidaminococcus_fermentans_DSM_20731,biomass363
Acidaminococcus_intestini_RyC_MR95,biomass318
Acidaminococcus_sp_D21,biomass473
Acinetobacter_calcoaceticus_PHEA_2,biomass236
Acinetobacter_haemolyticus_NIPH_261,biomass245
Acinetobacter_johnsonii_SH046,biomass243
Acinetobacter_junii_SH205,biomass473
Acinetobacter_lwoffii_WJ10621,biomass256
Acinetobacter_pittii_ANC_4052,biomass237
Acinetobacter_radioresistens_NIPH_2130,biomass258
Actinobacillus_pleuropneumoniae_L20,biomass253
Actinomyces_cardiffensis_F0333,biomass210
Actinomyces_georgiae_DSM_6843,biomass213
Actinomyces_graevenitzii_C83,biomass379
Actinomyces_naeslundii_str_Howell_279,biomass440
Actinomyces_odontolyticus_ATCC_17982,biomass473
Actinomyces_oris_K20,biomass438
Actinomyces_turicensis_ACS_279_V_Col4,biomass205
Actinomyces_urogenitalis_DSM_15434,biomass211
Actinomyces_viscosus_C505,biomass445
Adlercreutzia_equolifaciens_DSM_19450,biomass409
Aerococcus_viridans_ATCC_11563,biomass116
Aeromonas_caviae_Ae398,biomass399
Aeromonas_hydrophila_subsp_hydrophila_ATCC_7966,biomass401
Aeromonas_jandaei_Riv2,biomass384
Aeromonas_media_WS,biomass398
Aeromonas_veronii_B565,biomass383
Afipia_birgiae_34632,biomass397
Aggregatibacter_aphrophilus_NJ8700,biomass263
Akkermansia_muciniphila_ATCC_BAA_835,biomass318
Alcaligenes_faecalis_subsp_faecalis_NBRC_13111,biomass369
Alcaligenes_faecalis_subsp_faecalis_NCIB_8687,biomass373
Alistipes_finegoldii_DSM_17242,biomass368
Alistipes_indistinctus_YIT_12060,biomass352
Alistipes_onderdonkii_DSM_19147,biomass380
Alistipes_putredinis_DSM_17216,biomass340
Alistipes_shahii_WAL_8301,biomass362
Alloprevotella_tannerae_ATCC_51259,biomass288
Anaerobaculum_hydrogeniformans_OS1_ATCC_BAA_1850,biomass473
Anaerobiospirillum_succiniciproducens_DSM_640001,biomass274
Anaerococcus_hydrogenalis_DSM_7454,biomass473
Anaerococcus_prevotii_DSM_20548,biomass065
Anaerococcus_vaginalis_ATCC_51170,biomass014
Anaerofustis_stercorihominis_DSM_17244,biomass187
Anaerostipes_caccae_DSM_14662,biomass473
Anaerostipes_hadrus_DSM_3319,biomass084
Anaerostipes_sp_3_2_56FAA,biomass473
Anaerotruncus_colihominis_DSM_17241,biomass484
Aneurinibacillus_aneurinilyticus_ATCC_12856,biomass150
Arcanobacterium_haemolyticum_DSM_20595,biomass339
Arcobacter_butzleri_RM4018,biomass216
Arthrobacter_castelli_DSM_16402,biomass411
Atopobium_minutum_10063974,biomass181
Atopobium_parvulum_DSM_20469,biomass166
Atopobium_rimae_ATCC_49626,biomass312
Bacillus_altitudinis_41KF2b,biomass131
Bacillus_atrophaeus_ATCC_49822_1,biomass148
Bacillus_cereus_AH187_F4810_72,biomass187
Bacillus_cereus_G9842,biomass187
Bacillus_clausii_KSM_K16,biomass160
Bacillus_endophyticus_2102,biomass072
Bacillus_firmus_DS1,biomass135
Bacillus_flexus_27Col1_1E,biomass094
Bacillus_fordii_DSM_16014,biomass130
Bacillus_halodurans_C_125,biomass155
Bacillus_infantis_NRRL_B_14911,biomass170
Bacillus_mojavensis_RO_H_1,biomass154
Bacillus_mycoides_DSM_2048,biomass057
Bacillus_nealsonii_AAU1,biomass058
Bacillus_pseudofirmus_OF4,biomass119
Bacillus_pumilus_ATCC_7061,biomass138
Bacillus_sonorensis_L12,biomass165
Bacillus_thermoamylovorans,biomass087
Bacillus_timonensis_JC401,biomass087
Bacillus_vallismortis_DV1_F_3,biomass156
Bacteroides_caccae_ATCC_43185,biomass484
Bacteroides_cellulosilyticus_DSM_14838,biomass484
Bacteroides_clarus_YIT_12056,biomass284
Bacteroides_coprocola_M16_DSM_17136,biomass484
Bacteroides_coprophilus_DSM_18228,biomass484
Bacteroides_dorei_DSM_17855,biomass484
Bacteroides_eggerthii_1_2_48FAA,biomass484
Bacteroides_eggerthii_DSM_20697,biomass473
Bacteroides_faecis_MAJ27,biomass265
Bacteroides_finegoldii_DSM_17565,biomass484
Bacteroides_fluxus_YIT_12057,biomass286
Bacteroides_fragilis_3_1_12,biomass484
Bacteroides_fragilis_638R,biomass318
Bacteroides_fragilis_NCTC_9343,biomass318
Bacteroides_fragilis_YCH46,biomass318
Bacteroides_graminisolvens_DSM_19988,biomass255
Bacteroides_intestinalis_341_DSM_17393,biomass484
Bacteroides_massiliensis_B846dnLKV334,biomass268
Bacteroides_nordii_CL02T12C05,biomass250
Bacteroides_oleiciplenus_YIT_12058,biomass272
Bacteroides_ovatus_ATCC_8483,biomass484
Bacteroides_ovatus_SD_CC_2a,biomass473
Bacteroides_ovatus_SD_CMC_3f,biomass473
Bacteroides_pectinophilus_ATCC_43243,biomass484
Bacteroides_plebeius_M12_DSM_17135,biomass484
Bacteroides_pyogenes_DSM20611,biomass287
Bacteroides_salyersiae_WAL_10018,biomass261
Bacteroides_sp_1_1_14,biomass473
Bacteroides_sp_1_1_30,biomass478
Bacteroides_sp_1_1_6,biomass473
Bacteroides_sp_2_1_22,biomass473
Bacteroides_sp_2_1_33B,biomass473
Bacteroides_sp_2_1_7,biomass484
Bacteroides_sp_2_2_4,biomass484
Bacteroides_sp_20_3,biomass473
Bacteroides_sp_3_1_19,biomass473
Bacteroides_sp_3_1_23,biomass473
Bacteroides_sp_3_1_33FAA,biomass473
Bacteroides_sp_3_1_40A,biomass473
Bacteroides_sp_3_2_5,biomass473
Bacteroides_sp_4_1_36,biomass473
Bacteroides_sp_4_3_47FAA,biomass484
Bacteroides_sp_9_1_42FAA,biomass484
Bacteroides_sp_D1,biomass473
Bacteroides_sp_D2,biomass473
Bacteroides_sp_D20,biomass473
Bacteroides_sp_D22,biomass473
Bacteroides_stercoris_ATCC_43183,biomass484
Bacteroides_thetaiotaomicron_VPI_5482,biomass318
Bacteroides_timonensis_AP1,biomass270
Bacteroides_uniformis_ATCC_8492,biomass484
Bacteroides_ureolyticus_DSM_20703,biomass221
Bacteroides_vulgatus_ATCC_8482,biomass318
Bacteroides_xylanisolvens_SD_CC_1b,biomass473
Bacteroides_xylanisolvens_XB1A,biomass473
Barnesiella_intestinihominis_YIT_11860,biomass275
Bartonella_quintana_Toulouse,biomass318
Bifidobacterium_adolescentis_ATCC_15703,biomass318
Bifidobacterium_angulatum_DSM_20098,biomass473
Bifidobacterium_animalis_lactis_AD011,biomass473
Bifidobacterium_animalis_lactis_BB_12,biomass318
Bifidobacterium_animalis_lactis_Bi_07,biomass318
Bifidobacterium_animalis_lactis_Bl_04_ATCC_SD5219,biomass318
Bifidobacterium_animalis_lactis_CNCM_I_2494,biomass318
Bifidobacterium_animalis_lactis_DSM_10140,biomass318
Bifidobacterium_animalis_lactis_V9,biomass318
Bifidobacterium_bifidum_BGN4,biomass318
Bifidobacterium_bifidum_NCIMB_41171,biomass473
Bifidobacterium_bifidum_PRL2010,biomass318
Bifidobacterium_bifidum_S17,biomass318
Bifidobacterium_boum_DSM_20432,biomass386
Bifidobacterium_breve_HPH0326,biomass318
Bifidobacterium_breve_UCC2003_NCIMB8807,biomass318
Bifidobacterium_catenulatum_DSM_16992,biomass472
Bifidobacterium_coryneforme_DSM_20216,biomass395
Bifidobacterium_dentium_ATCC_27678,biomass318
Bifidobacterium_gallicum_DSM_20093,biomass473
Bifidobacterium_kashiwanohense_DSM_21854,biomass366
Bifidobacterium_longum_DJO10A,biomass318
Bifidobacterium_longum_E18,biomass318
Bifidobacterium_longum_infantis_157F_NC,biomass483
Bifidobacterium_longum_infantis_ATCC_15697,biomass473
Bifidobacterium_longum_longum_ATCC_55813,biomass473
Bifidobacterium_longum_longum_BBMN68,biomass318
Bifidobacterium_longum_longum_CCUG_52486,biomass472
Bifidobacterium_longum_longum_JCM_1217,biomass318
Bifidobacterium_longum_longum_JDM301,biomass318
Bifidobacterium_longum_NCC2705,biomass473
Bifidobacterium_mongoliense_DSM_21395,biomass406
Bifidobacterium_pseudocatenulatum_DSM_20438,biomass472
Bifidobacterium_pseudolongum_subsp_Pseudolongum_DSM_20099,biomass408
Bifidobacterium_ruminantium_DSM_6489,biomass385
Bifidobacterium_scardovii_JCM_12489,biomass419
Bifidobacterium_stercoris_ATCC_43183,biomass387
Bifidobacterium_thermacidophilum_subsp_thermacidophilum_DSM_15837,biomass393
Bifidobacterium_thermophilum_RBL67,biomass392
Bilophila_wadsworthia_3_1_6,biomass473
Blastococcus_massiliensis_AP3,biomass467
Blautia_hansenii_VPI_C7_24_DSM_20583,biomass472
Blautia_hydrogenotrophica_DSM_10507,biomass473
Blautia_obeum_ATCC_29174,biomass137
Blautia_producta_DSM_2950,biomass167
Blautia_wexlerae_DSM_19850,biomass134
Bordetella_hinzii_OH87_BAL007II,biomass433
Brachybacterium_paraconglomeratum_LC44,biomass464
Brachyspira_pilosicoli_B2904,biomass218
Bradyrhizobium_elkanii_USDA_76,biomass412
Brevibacillus_agri_5_2,biomass202
Brevibacillus_agri_BAB_2500,biomass198
Brevibacillus_borstelensis_AK1,biomass193
Brevibacillus_brevis_NBRC_100599,biomass173
Brevibacterium_casei_S18,biomass442
Brevibacterium_linens_BL2,biomass405
Brevibacterium_massiliense_5401308,biomass403
Brevundimonas_bacteroides_DSM_4726,biomass444
Brevundimonas_diminuta_470_4,biomass430
Brochothrix_thermosphacta_DSM_20171,biomass071
Bulleidia_extructa_W1219,biomass070
Burkholderia_cepacia_GG4,biomass428
Burkholderiales_bacterium_1_1_47,biomass473
Butyricicoccus_pullicaecorum_1_2,biomass200
Butyricimonas_synergistica_DSM_23225,biomass280
Butyricimonas_virosa_DSM_23226,biomass264
Butyrivibrio_crossotus_DSM_2876,biomass472
Butyrivibrio_fibrisolvens_16_4,biomass473
Campylobacter_coli_JV20,biomass473
Campylobacter_concisus_13826,biomass318
Campylobacter_curvus_525_92,biomass318
Campylobacter_fetus_subsp_fetus_82_40,biomass226
Campylobacter_gracilis_RM3268,biomass291
Campylobacter_hominis_ATCC_BAA_381,biomass318
Campylobacter_hyointestinalis_subsp_hyointestinalis_LMG_9260,biomass227
Campylobacter_jejuni_jejuni_81_176,biomass318
Campylobacter_jejuni_jejuni_ICDCCJ07004,biomass318
Campylobacter_jejuni_jejuni_M1,biomass318
Campylobacter_jejuni_jejuni_NCTC_11168,biomass318
Campylobacter_lari_RM2100,biomass222
Campylobacter_rectus_RM3267,biomass281
Campylobacter_showae_CSUNSWCD,biomass282
Campylobacter_upsaliensis_JV21,biomass473
Candidatus_Nitrososphaera_gargensis_Ga9_2,biomass306
Capnocytophaga_granulosa_ATCC_51502,biomass254
Capnocytophaga_ochracea_DSM_7271,biomass242
Capnocytophaga_sputigena_ATCC_33612,biomass232
Catenibacterium_mitsuokai_DSM_15897,biomass472
Cedecea_davisae_DSM_4568,biomass350
Cellulosilyticum_lentocellum_DSM_5427,biomass053
Cellulosimicrobium_cellulans_J36,biomass468
Cetobacterium_somerae_ATCC_BAA_47401,biomass219
Citrobacter_amalonaticus_Y19,biomass338
Citrobacter_freundii_ATCC_8090,biomass332
Citrobacter_freundii_UCI_31,biomass333
Citrobacter_koseri_ATCC_BAA_895,biomass318
Citrobacter_sp_30_2,biomass473
Citrobacter_youngae_ATCC_29220,biomass473
Cloacibacillus_evryensis_DSM_19522,biomass364
Clostridiales_sp_1_7_47FAA,biomass473
Clostridium_asparagiforme_DSM_15981,biomass484
Clostridium_bartlettii_DSM_16795,biomass472
Clostridium_beijerinckii_NCIMB_8052,biomass020
Clostridium_bifermentans_ATCC_19299,biomass005
Clostridium_bolteae_ATCC_BAA_613,biomass472
Clostridium_botulinum_A_str_ATCC_19397,biomass007
Clostridium_botulinum_A_str_ATCC_3502,biomass009
Clostridium_botulinum_A_str_Hall,biomass006
Clostridium_botulinum_Bf,biomass008
Clostridium_botulinum_E1_str_BoNT_E_Beluga,biomass002
Clostridium_botulinum_F_str_230613,biomass010
Clostridium_butyricum_DSM_10702,biomass013
Clostridium_butyricum_E4_str_BoNT_E_BL5262,biomass015
Clostridium_cadaveris_AGR2141,biomass028
Clostridium_celatum_DSM_1785,biomass003
Clostridium_cellobioparum_DSM_1351,biomass132
Clostridium_citroniae_WAL_17108,biomass180
Clostridium_clariflavum_DSM_19732,biomass066
Clostridium_clostridioforme_CM201,biomass183
Clostridium_difficile_CD196,biomass187
Clostridium_difficile_NAP07,biomass473
Clostridium_difficile_NAP08,biomass473
Clostridium_difficile_R20291,biomass187
Clostridium_glycolicum_ATCC_14880,biomass011
Clostridium_hathewayi_12489931,biomass184
Clostridium_hathewayi_DSM_13479,biomass157
Clostridium_hiranonis_TO_931_DSM_13275,biomass473
Clostridium_hylemonae_DSM_15053,biomass473
Clostridium_indolis_DSM_755,biomass162
Clostridium_innocuum_2959,biomass151
Clostridium_leptum_DSM_753,biomass473
Clostridium_methoxybenzovorans_SR3,biomass158
Clostridium_methylpentosum_R2_DSM_5476,biomass473
Clostridium_nexile_DSM_1787,biomass472
Clostridium_paraputrificum_AGR2156,biomass018
Clostridium_perfringens_ATCC_13124,biomass012
Clostridium_ramosum_VPI_0427_DSM_1402,biomass473
Clostridium_saccharogumia_DSM_17460,biomass021
Clostridium_saccharoperbutylacetonicum_N1_4_HMT,biomass016
Clostridium_sartagoforme_AAU1,biomass004
Clostridium_scindens_ATCC_35704,biomass472
Clostridium_sordellii_ATCC_9714,biomass001
Clostridium_sp_7_2_43FAA,biomass473
Clostridium_sp_L2_50,biomass473
Clostridium_sp_M62_1,biomass472
Clostridium_sp_SS2_1,biomass473
Clostridium_sp_SY8519,biomass187
Clostridium_spiroforme_DSM_1552,biomass473
Clostridium_sporogenes_ATCC_15579,biomass187
Clostridium_sporosphaeroides_DSM_1294,biomass199
Clostridium_sticklandii_DSM_519,biomass049
Clostridium_symbiosum_ATCC_14940,biomass176
Clostridium_symbiosum_WAL_14163,biomass479
Clostridium_symbiosum_WAL_14673,biomass480
Clostridium_tyrobutyricum_DSM_2637,biomass026
Clostridium_viride_DSM_6836,biomass185
Collinsella_aerofaciens_ATCC_25986,biomass472
Collinsella_intestinalis_DSM_13280,biomass473
Collinsella_stercoris_DSM_13279,biomass473
Collinsella_tanakaei_YIT_12063,biomass208
Coprobacillus_sp_29_1,biomass474
Coprobacillus_sp_D7,biomass472
Coprococcus_catus_GD_7,biomass144
Coprococcus_comes_ATCC_27758,biomass472
Coprococcus_eutactus_ATCC_27759,biomass473
Corynebacterium_ammoniagenes_DSM_20306,biomass360
Corynebacterium_amycolatum_SK46,biomass382
Corynebacterium_aurimucosum_ATCC_700975,biomass396
Corynebacterium_durum_F0235,biomass372
Corynebacterium_glucuronolyticum_ATCC_51867,biomass206
Corynebacterium_kroppenstedtii_DSM_44385,biomass377
Corynebacterium_propinquum_DSM_44285,biomass367
Corynebacterium_striatum_ATCC_6940,biomass374
Corynebacterium_tuberculostearicum_SK141,biomass207
Corynebacterium_ulcerans_809,biomass197
Corynebacterium_ureicelerivorans,biomass421
Cronobacter_sakazakii_ATCC_BAA_894,biomass371
Cryptobacterium_curtum_DSM_15641,biomass189
Curtobacterium_flaccumfaciens_UCD_AKU,biomass458
Delftia_acidovorans_SPH_1,biomass427
Dermacoccus_nishinomiyaensis,biomass451
Desulfovibrio_desulfuricans_subsp_desulfuricans_DSM_642,biomass376
Desulfovibrio_piger_ATCC_29098,biomass473
Desulfovibrio_sp_3_1_syn3,biomass473
Dialister_invisus_DSM_15470,biomass285
Dialister_succinatiphilus_YIT_11850,biomass323
Dietzia_cinnamea_P4,biomass459
Dorea_formicigenerans_ATCC_27755,biomass127
Dorea_longicatena_DSM_13814,biomass473
Dysgonomonas_gadei_ATCC_BAA_286,biomass244
Edwardsiella_tarda_ATCC_23685,biomass473
Edwardsiella_tarda_FL6_60,biomass318
Eggerthella_lenta_DSM_2243,biomass417
Eggerthella_sp_1_3_56FAA,biomass473
Eggerthella_sp_YY7918,biomass318
Eggerthia_catenaformis_OT_569,biomass042
Eikenella_corrodens_ATCC_23834,biomass355
Enterobacter_aerogenes_KCTC_2190,biomass354
Enterobacter_asburiae_LF7a,biomass345
Enterobacter_cancerogenus_ATCC_35316,biomass473
Enterobacter_cloacae_EcWSU1,biomass351
Enterobacter_hormaechei_YT2,biomass358
Enterobacter_hormaechei_YT3,biomass359
Enterobacteriaceae_bacterium_9_2_54FAA,biomass473
Enterococcus_asini_ATCC_700915,biomass159
Enterococcus_avium_ATCC_14025,biomass109
Enterococcus_caccae_ATCC_BAA_1240,biomass068
Enterococcus_casseliflavus_ATCC_12755,biomass141
Enterococcus_cecorum_DSM_20682,biomass074
Enterococcus_dispar_ATCC_51266,biomass085
Enterococcus_durans_ATCC_6056,biomass096
Enterococcus_faecalis_OG1RF_ATCC_47077,biomass187
Enterococcus_faecalis_TX0104,biomass472
Enterococcus_faecalis_TX1322,biomass473
Enterococcus_faecalis_TX2134,biomass473
Enterococcus_faecalis_V583,biomass187
Enterococcus_faecium_TX1330,biomass473
Enterococcus_gallinarum_EG2,biomass122
Enterococcus_hirae_ATCC_9790,biomass080
Enterococcus_phoeniculicola_ATCC_BAA_412,biomass073
Enterococcus_saccharolyticus_DSM8903,biomass059
Enterococcus_sp_7L76,biomass473
Erysipelotrichaceae_bacterium_5_2_54FAA,biomass473
Erysipelotrichaceae_bacterium_sp_3_1_53,biomass473
Escherichia_albertii_KF1,biomass315
Escherichia_albertii_TW07627,biomass313
Escherichia_coli_O157_H7_str_Sakai,biomass473
Escherichia_coli_SE11,biomass318
Escherichia_coli_str_K_12_substr_MG1655,biomass473
Escherichia_coli_UTI89_UPEC,biomass473
Escherichia_fergusonii_ATCC_35469,biomass317
Escherichia_hermannii_NBRC_105704,biomass347
Escherichia_sp_1_1_43,biomass473
Escherichia_sp_3_2_53FAA,biomass473
Escherichia_sp_4_1_40B,biomass484
Eubacterium_biforme_DSM_3989,biomass473
Eubacterium_brachy_ATCC_33089,biomass097
Eubacterium_cellulosolvens_6,biomass177
Eubacterium_cylindroides_T2_87,biomass030
Eubacterium_desmolans_ATCC_43058,biomass201
Eubacterium_dolichum_DSM_3991,biomass473
Eubacterium_eligens_ATCC_27750,biomass091
Eubacterium_hallii_DSM_3353,biomass484
Eubacterium_hallii_L2_7,biomass101
Eubacterium_limosum_KIST612,biomass174
Eubacterium_ramulus_ATCC_29099,biomass145
Eubacterium_rectale_ATCC_33656,biomass187
Eubacterium_rectale_M104_1,biomass473
Eubacterium_saphenum_ATCC_49989,biomass125
Eubacterium_siraeum_70_3,biomass473
Eubacterium_siraeum_DSM_15702,biomass473
Eubacterium_sulci_ATCC_35585,biomass120
Eubacterium_ventriosum_ATCC_27560,biomass472
Exiguobacterium_aurantiacum_DSM_6208,biomass195
Faecalibacterium_cf_prausnitzii_KLE1255,biomass473
Faecalibacterium_prausnitzii_L2_6,biomass473
Faecalibacterium_prausnitzii_M21_2,biomass204
Faecalibacterium_prausnitzii_SL3_3,biomass203
Filifactor_alocis_ATCC_35896,biomass061
Finegoldia_magna_ATCC_29328,biomass033
Flavonifractor_plautii_ATCC_29863,biomass209
Fusobacterium_gonidiaformans_3_1_5R,biomass473
Fusobacterium_gonidiaformans_ATCC_25563,biomass473
Fusobacterium_mortiferum_ATCC_9817,biomass473
Fusobacterium_necrophorum_D12,biomass473
Fusobacterium_nucleatum_subsp_animalis_3_1_33,biomass473
Fusobacterium_nucleatum_subsp_animalis_7_1,biomass473
Fusobacterium_nucleatum_subsp_animalis_D11,biomass473
Fusobacterium_nucleatum_subsp_vincentii_3_1_27,biomass473
Fusobacterium_nucleatum_subsp_vincentii_3_1_36A2,biomass318
Fusobacterium_nucleatum_subsp_vincentii_4_1_13,biomass473
Fusobacterium_periodonticum_1_1_41FAA,biomass473
Fusobacterium_periodonticum_2_1_31,biomass473
Fusobacterium_russii_ATCC_25533,biomass220
Fusobacterium_sp_4_8,biomass318
Fusobacterium_ulcerans_ATCC_49185,biomass473
Fusobacterium_varium_ATCC_27725,biomass473
Gemella_haemolysans_ATCC_10379,biomass027
Gemella_morbillorum_M424,biomass024
Gemella_sanguinis_ATCC700632,biomass017
Gemella_sanguinis_M325,biomass019
Geobacillus_vulcani_PSS1,biomass194
Gordonia_rubripertincta_NBRC_101908,biomass436
Gordonia_terrae_C_6,biomass441
Gordonia_terrae_NBRC_100016,biomass439
Gordonibacter_pamelaeae_7_10_1_bT_DSM_19378,biomass473
Granulicatella_adiacens_ATCC_49175,biomass086
Granulicatella_elegans_ATCC_700633,biomass047
Grimontia_hollisae_CIP_101886,biomass314
Haemophilus_haemolyticus_M19501,biomass233
Haemophilus_parainfluenzae_T3T1,biomass241
Haemophilus_sputorum_CCUG_13788,biomass246
Hafnia_alvei_ATCC_51873,biomass304
Hafnia_alvei_BIDMC_31,biomass375
Halococcus_morrhuae_DSM1307,biomass413
Helicobacter_bilis_ATCC_43879,biomass473
Helicobacter_canadensis_MIT_98_5491,biomass318
Helicobacter_cinaedi_CCUG_18818,biomass473
Helicobacter_pullorum_MIT_98_5489,biomass473
Helicobacter_pylori_26695,biomass473
Helicobacter_winghamensis_ATCC_BAA_430,biomass473
Holdemania_filiformis_VPI_J1_31B_1_DSM_12042,biomass473
Kallipyga_massiliensis_ph2,biomass190
Kandleria_vitulina_DSM_20405,biomass056
Kingella_oralis_ATCC_51147,biomass348
Klebsiella_pneumoniae_pneumoniae_MGH78578,biomass473
Klebsiella_sp_1_1_55,biomass473
Kluyvera_ascorbata_ATCC_33433,biomass349
Kocuria_palustris_PEL,biomass456
Kocuria_rhizophila_DC2201,biomass462
Kurthia_massiliensis_JC30,biomass114
Kytococcus_sedentarius_DSM_20547,biomass463
Lachnospira_multipara_ATCC_19207,biomass060
Lachnospiraceae_bacterium_sp_5_1_63FAA,biomass473
Lachnospiraceae_bacterium_sp_8_1_57FAA,biomass473
Lactobacillus_acidophilus_ATCC_4796,biomass473
Lactobacillus_acidophilus_NCFM,biomass187
Lactobacillus_amylolyticus_DSM_11664,biomass473
Lactobacillus_amylovorus_GRL_1112,biomass100
Lactobacillus_animalis_KCTC_3501,biomass128
Lactobacillus_antri_DSM_16041,biomass473
Lactobacillus_brevis_ATCC_367,biomass473
Lactobacillus_brevis_subsp_gravesensis_ATCC_27305,biomass473
Lactobacillus_buchneri_ATCC_11577,biomass473
Lactobacillus_casei_ATCC_334,biomass473
Lactobacillus_casei_casei_BL23,biomass473
Lactobacillus_coleohominis_101_4_CHN,biomass126
Lactobacillus_coryniformis_subsp_coryniformis_CECT_5711,biomass146
Lactobacillus_crispatus_125_2_CHN,biomass473
Lactobacillus_curvatus_CRL_705,biomass142
Lactobacillus_delbrueckii_subsp_bulgaricus_ATCC_11842,biomass187
Lactobacillus_delbrueckii_subsp_bulgaricus_ATCC_BAA_365,biomass473
Lactobacillus_fermentum_ATCC_14931,biomass473
Lactobacillus_fermentum_IFO_3956,biomass187
Lactobacillus_gasseri_ATCC_33323,biomass187
Lactobacillus_gastricus_PS3,biomass139
Lactobacillus_helveticus_DPC_4571,biomass187
Lactobacillus_helveticus_DSM_20075,biomass473
Lactobacillus_hilgardii_ATCC_8290,biomass473
Lactobacillus_iners_DSM_13335,biomass034
Lactobacillus_jensenii_1153,biomass051
Lactobacillus_johnsonii_DPC_6026,biomass187
Lactobacillus_johnsonii_NCC_533,biomass187
Lactobacillus_mucosae_LM1,biomass168
Lactobacillus_oris_F0423,biomass186
Lactobacillus_paracasei_subsp_paracasei_8700_2,biomass473
Lactobacillus_paracasei_subsp_paracasei_ATCC_25302,biomass473
Lactobacillus_pentosus_KCA1,biomass171
Lactobacillus_plantarum_JDM1,biomass187
Lactobacillus_plantarum_subsp_plantarum_ATCC_14917,biomass473
Lactobacillus_plantarum_WCFS1,biomass472
Lactobacillus_reuteri_CF48_3A_,biomass473
Lactobacillus_reuteri_F275_JCM_1112,biomass473
Lactobacillus_reuteri_MM2_3_,biomass473
Lactobacillus_reuteri_MM4_1A_,biomass473
Lactobacillus_reuteri_SD2112_ATCC_55730,biomass473
Lactobacillus_rhamnosus_GG_ATCC_53103,biomass187
Lactobacillus_rhamnosus_LMS2_1,biomass473
Lactobacillus_ruminis_ATCC_25644,biomass473
Lactobacillus_sakei_subsp_sakei_23K,biomass187
Lactobacillus_salivarius_HO66_ATCC_11741,biomass473
Lactobacillus_salivarius_salivarius_UCC118,biomass473
Lactobacillus_ultunensis_DSM_16047,biomass473
Lactobacillus_vaginalis_ATCC_49540,biomass112
Lactococcus_garvieae_ATCC_49156,biomass107
Lactococcus_raffinolactis_4877,biomass105
Laribacter_hongkongensis_HLHK9,biomass318
Lautropia_mirabilis_ATCC_51599,biomass422
Leminorella_grimontii_ATCC_33999,biomass346
Leptotrichia_buccalis_C_1013_b,biomass223
Leuconostoc_argentinum_KCTC_3773,biomass147
Leuconostoc_gelidum_JB7,biomass077
Leuconostoc_mesenteroides_subsp_cremoris_ATCC_19254,biomass473
Listeria_grayi_DSM_20601,biomass473
Listeria_monocytogenes_4a_L99,biomass187
Listeria_monocytogenes_4b_F2365,biomass187
Listeria_monocytogenes_Finland_1988,biomass187
Listeria_monocytogenes_FSL_R2_561,biomass187
Listeria_monocytogenes_J0161_FSL_R2_499,biomass187
Listeria_monocytogenes_serotype_7_SLCC_2482,biomass187
Listeria_monocytogenes_SLCC_2378,biomass187
Listeria_monocytogenes_SLCC_2540,biomass187
Listeria_monocytogenes_SLCC_7179,biomass187
Lysinibacillus_fusiformis_ZB2,biomass088
Lysinibacillus_sphaericus_C3_41,biomass083
Marvinbryantia_formatexigens_I_52_DSM_14469,biomass472
Megamonas_funiformis_YIT_11815,biomass224
Megamonas_hypermegale_ART12_1,biomass473
Megasphaera_elsdenii_DSM_20460,biomass336
Melainabacterium_MEL_A1,biomass318
Methanobrevibacter_ruminantium_M1,biomass225
Methanobrevibacter_smithii_ATCC_35061,biomass485
Methanomassiliicoccus_luminyensis_B10,biomass394
Methanosphaera_stadtmanae_DSM_3091,biomass217
Methylobacterium_mesophilicum_SR1_6_6,biomass453
Methylobacterium_populi_BJ001,biomass452
Methylobacterium_radiotolerans_JCM_2831,biomass460
Methyloversatilis_universalis_FAM5,biomass432
Methyloversatilis_universalis_Fam50001,biomass431
Microbacterium_gubbeenense_DSM_15944,biomass443
Microbacterium_oleivorans_NBRC_103075,biomass450
Microbacterium_paraoxydans_77MFTsu3_2,biomass454
Micrococcus_luteus_NCTC_2665,biomass466
Micromonospora_aurantiaca_ATCC_27029,biomass465
Mitsuokella_jalaludinii_DSM_13811,biomass381
Mitsuokella_multacida_DSM_20544,biomass473
Mobiluncus_curtisii_ATCC_43063,biomass357
Moraxella_catarrhalis_RH4,biomass257
Morganella_morganii_subsp_morganii_KT,biomass328
Mycobacterium_avium_subsp_avium_ATCC_25291,biomass212
Mycobacterium_fortuitum_subsp_fortuitum_DSM_46621,biomass425
Mycoplasma_hominis_ATCC_23114,biomass469
Mycoplasma_pneumoniae_309,biomass214
Neisseria_cinerea_ATCC_14685,biomass325
Neisseria_elongata_subsp_glycolytica_ATCC_29315,biomass343
Neisseria_flavescens_SK114,biomass312
Neisseria_macacae_ATCC_33926,biomass330
Neisseria_mucosa_ATCC_25996,biomass327
Neisseria_subflava_NJ9703,biomass311
Nevskia_ramosa_DSM_11499,biomass418
Oceanobacillus_picturae_strain_S1,biomass113
Ochrobactrum_anthropi_ATCC_49188,biomass365
Odoribacter_laneus_YIT_12061,biomass249
Odoribacter_splanchnicus_1651_6_DSM_20712,biomass318
Olsenella_profusa_F019501,biomass415
Olsenella_uli_DSM_7084,biomass420
Oribacterium_sinus_F0268,biomass140
Oxalobacter_formigenes_HOxBLS,biomass473
Oxalobacter_formigenes_OXCC13,biomass473
Paenibacillus_alvei_DSM_29,biomass169
Paenibacillus_barengoltzii_G22,biomass192
Paenibacillus_daejeonensis_DSM_15491,biomass196
Paenibacillus_graminis_C4D1M,biomass407
Paenibacillus_lactis_154,biomass191
Parabacteroides_distasonis_ATCC_8503,biomass318
Parabacteroides_goldsteinii_dnLKV18,biomass273
Parabacteroides_gordonii_DSM_23371,biomass279
Parabacteroides_johnsonii_DSM_18315,biomass484
Parabacteroides_merdae_ATCC_43184,biomass484
Parabacteroides_sp_D13,biomass473
Paracoccus_yeei_ATCC_BAA_599,biomass437
Paraprevotella_clara_YIT_11840,biomass305
Paraprevotella_xylaniphila_YIT_11841,biomass307
Parasutterella_excrementihominis_YIT_11859,biomass303
Parvimonas_micra_ATCC_33270,biomass473
Pediococcus_acidilactici_7_4,biomass473
Pediococcus_acidilactici_DSM_20284,biomass473
Pediococcus_pentosaceus_ATCC_25745,biomass089
Peptoniphilus_harei_ACS_146_V_Sch2b,biomass054
Peptoniphilus_indolicus_ATCC_29427,biomass031
Peptoniphilus_lacrimalis_DSM_7455,biomass022
Peptoniphilus_timonensis_JC401,biomass025
Peptostreptococcus_anaerobius_DSM_2949,biomass067
Peptostreptococcus_stomatis_DSM_17678,biomass076
Phascolarctobacterium_succinatutens_YIT_12067,biomass481
Plesiomonas_shigelloides_302_73,biomass329
Porphyromonas_asaccharolytica_DSM_20707,biomass335
Porphyromonas_endodontalis_ATCC_35406,biomass300
Porphyromonas_gingivalis_W83,biomass318
Porphyromonas_somerae_DSM_23386,biomass297
Porphyromonas_uenonis_60_3,biomass334
Porphyromonas_uenonis_DSM_23387,biomass337
Prevotella_albensis_DSM_11370,biomass252
Prevotella_bivia_DSM_20514,biomass247
Prevotella_brevis_ATCC_19188,biomass308
Prevotella_bryantii_B14,biomass239
Prevotella_bryantii_C21a,biomass234
Prevotella_buccae_ATCC_33574,biomass319
Prevotella_conceptionensis_9403948,biomass294
Prevotella_copri_CB7_DSM_18205,biomass473
Prevotella_corporis_DSM_18810,biomass276
Prevotella_denticola_DSM20614,biomass321
Prevotella_denticola_F0289,biomass322
Prevotella_disiens_FB035_09AN,biomass248
Prevotella_disiens_JCM_6334,biomass240
Prevotella_enoeca_JCM_12259,biomass290
Prevotella_intermedia_17,biomass271
Prevotella_intermedia_ATCC_25611,biomass269
Prevotella_loescheii_DSM_19665,biomass292
Prevotella_melaninogenica_ATCC_25845,biomass251
Prevotella_nanceiensis_DSM_19126,biomass231
Prevotella_nigrescens_ATCC_33563,biomass267
Prevotella_oralis_ATCC_33269,biomass277
Prevotella_pallens_ATCC_700821,biomass229
Prevotella_ruminicola_23,biomass302
Prevotella_salivae_DSM_15606,biomass473
Prevotella_shahii_JCM_12083,biomass278
Prevotella_stercorea_DSM_18206,biomass310
Prevotella_timonensis_4401737,biomass266
Prevotella_timonensis_CRIS_5C_B1,biomass262
Prevotella_veroralis_DSM_19559,biomass260
Propionibacterium_acidipropionici_ATCC_4875,biomass448
Propionibacterium_acnes_KPA171202,biomass391
Propionibacterium_avidum_44067,biomass410
Propionibacterium_freudenreichii_subsp_shermanii_CIRM_BIA1,biomass434
Propionibacterium_granulosum_DSM_20700,biomass414
Propionibacterium_jensenii_DSM_20535,biomass446
Propionibacterium_propionicum_F0230a,biomass424
Proteus_mirabilis_ATCC_35198,biomass230
Proteus_penneri_ATCC_35198,biomass473
Providencia_alcalifaciens_DSM_30120,biomass473
Providencia_rettgeri_DSM_1131,biomass473
Providencia_rustigianii_DSM_4541,biomass473
Providencia_stuartii_ATCC_25827,biomass473
Pseudobutyrivibrio_ruminis_AD2017,biomass103
Pseudoflavonifractor_capillosus_strain_ATCC_29799,biomass473
Pseudomonas_aeruginosa_NCGM2_S1,biomass318
Pseudomonas_alcaliphila_34,biomass404
Pseudomonas_monteilii_NBRC_103158,biomass400
Pseudomonas_nitroreducens_HBP1,biomass416
Pseudomonas_oleovorans_MOIL14HWK12,biomass426
Pseudoramibacter_alactolyticus_ATCC_23263,biomass188
Pyramidobacter_piscolens_W5455,biomass389
Ralstonia_sp_5_7_47FAA,biomass473
Raoultella_planticola_ATCC_33531,biomass361
Rhodococcus_equi_ATCC_33707,biomass447
Rhodococcus_equi_NBRC_101255,biomass449
Rhodococcus_rhodochrous_ATCC_21198,biomass455
Roseburia_hominis_A2_183,biomass178
Roseburia_intestinalis_L1_82,biomass473
Roseburia_inulinivorans_DSM_16841,biomass473
Roseomonas_mucosa_ATCC_BAA_692,biomass457
Rothia_aeria_F0474,biomass370
Rothia_dentocariosa_ATCC_17931,biomass344
Rothia_mucilaginosa_DY_18,biomass388
Ruminococcaceae_bacterium_D16,biomass473
Ruminococcus_albus_7,biomass153
Ruminococcus_bicirculans_80_3,biomass187
Ruminococcus_bromii_L2_63,biomass473
Ruminococcus_callidus_ATCC_2776001,biomass182
Ruminococcus_champanellensis_18P13,biomass473
Ruminococcus_flavefaciens_ATCC_19208,biomass149
Ruminococcus_flavefaciens_FD_1,biomass163
Ruminococcus_gauvreauii_DSM_19829,biomass175
Ruminococcus_gnavus_ATCC_29149,biomass484
Ruminococcus_lactaris_ATCC_29176,biomass473
Ruminococcus_obeum_A2_162,biomass473
Ruminococcus_sp_5_1_39BFAA,biomass473
Ruminococcus_sp_SR1_5,biomass473
Ruminococcus_torques_ATCC_27756,biomass473
Ruminococcus_torques_L2_14,biomass473
Salmonella_enterica_enterica_sv_Typhimurium_LT2,biomass215
Scardovia_inopinata_F0304,biomass179
Selenomonas_ruminantium_AC2024,biomass316
Serratia_fonticola_RB_25,biomass326
Serratia_liquefaciens_ATCC_27592,biomass356
Silanimonas_lenta_DSM_16282,biomass461
Slackia_exigua_ATCC_700122,biomass402
Slackia_piriformis_YIT_12062,biomass378
Solobacterium_moorei_DSM_22971,biomass081
Solobacterium_moorei_F0204,biomass078
Staphylococcus_arlettae_CVD059,biomass050
Staphylococcus_capitis_CR0101,biomass045
Staphylococcus_capitis_QN1,biomass041
Staphylococcus_caprae_C87,biomass038
Staphylococcus_cohnii_hu_01,biomass055
Staphylococcus_epidermidis_ATCC_12228,biomass032
Staphylococcus_equorum_subsp_equorum_Mu2,biomass044
Staphylococcus_haemolyticus_JCSC1435,biomass043
Staphylococcus_hominis_subsp_hominis_C80,biomass029
Staphylococcus_intermedius_ATCC_27335,biomass092
Staphylococcus_lugdunensis_HKU09_01,biomass052
Staphylococcus_pasteuri_SP1,biomass040
Staphylococcus_pettenkoferi_VCU012,biomass106
Staphylococcus_saprophyticus_subsp_saprophyticus_ATCC_15305,biomass048
Staphylococcus_sciuri_subsp_sciuri_Z8,biomass037
Staphylococcus_simulans_ACS_120_V_Sch1,biomass069
Staphylococcus_vitulinus_F1028,biomass035
Staphylococcus_warneri_SG1,biomass039
Staphylococcus_xylosus_DMB3_Bh1,biomass046
Staphylococcus_xylosus_NJ,biomass036
Stenotrophomonas_maltophilia_D457,biomass429
Stenotrophomonas_rhizophila_PCA13,biomass435
Stoquefichus_massiliensis_AP9,biomass023
Streptococcus_agalactiae_A909,biomass064
Streptococcus_anginosus_1_2_62CV,biomass476
Streptococcus_australis_ATCC_700641,biomass133
Streptococcus_constellatus_subsp_constellatus_SK53,biomass098
Streptococcus_constellatus_subsp_pharyngis_SK1060,biomass099
Streptococcus_cristatus_ATCC_51100,biomass143
Streptococcus_dysgalactiae_subsp_dysgalactiae_ATCC_27957,biomass115
Streptococcus_equinus_ATCC_9812,biomass475
Streptococcus_gallolyticus_subsp_gallolyticus_ATCC_43143,biomass090
Streptococcus_gordonii_str_Challis_substr_CH1,biomass124
Streptococcus_infantarius_subsp_infantarius_ATCC_BAA_102,biomass473
Streptococcus_infantis_ATCC_700779,biomass104
Streptococcus_intermedius_JTH08,biomass095
Streptococcus_lutetiensis_033,biomass093
Streptococcus_mitis_NCTC_12261,biomass123
Streptococcus_mutans_ATCC_25175,biomass079
Streptococcus_oralis_Uo5,biomass129
Streptococcus_parasanguinis_ATCC_903,biomass136
Streptococcus_parauberis_KCTC_11537,biomass062
Streptococcus_peroris_ATCC_700780,biomass110
Streptococcus_pleomorphus_DSM_20574,biomass111
Streptococcus_pseudopneumoniae_IS7493,biomass118
Streptococcus_salivarius_JIM8777,biomass121
Streptococcus_sanguinis_SK36,biomass152
Streptococcus_sp_2_1_36FAA,biomass473
Streptococcus_sp_I_G2,biomass187
Streptococcus_sp_I_P16,biomass187
Streptococcus_thermophilus_LMG_18311,biomass473
Streptococcus_thoraltensis_DSM_12221,biomass102
Streptococcus_uberis_0140J,biomass075
Streptococcus_vestibularis_F0396,biomass117
Subdoligranulum_variabile_DSM_15176,biomass473
Succinatimonas_hippei_YIT_12066,biomass477
Succinivibrio_dextrinosolvens_H5,biomass238
Sulfolobus_solfataricus_P2,biomass228
Sutterella_parvirubra_YIT_11816,biomass423
Sutterella_wadsworthensis_3_1_45B,biomass482
Tannerella_forsythia_ATCC_43037,biomass296
Tatumella_ptyseos_ATCC_33301,biomass331
Trabulsiella_guamensis_ATCC_49490,biomass342
Tropheryma_whipplei_str_Twist,biomass172
Trueperella_pyogenes_MS249,biomass390
Ureaplasma_parvum_serovar_1_str_ATCC_27813,biomass470
Ureaplasma_urealyticum_serovar_8_str_ATCC_27618,biomass471
Ureibacillus_thermosphaericus_str_Thermo_BF,biomass063
Varibaculum_cambriense_DSM_15806,biomass341
Veillonella_atypica_ACS_049_V_Sch6,biomass108
Veillonella_dispar_ATCC_17748,biomass235
Veillonella_parvula_Te3_DSM_2008,biomass187
Veillonella_ratti_ACS_216_V_Col6b,biomass259
Veillonella_sp_3_1_44,biomass473
Veillonella_sp_6_1_27,biomass473
Vibrio_fluvialis_560,biomass320
Vibrio_furnissii_NCTC_11218,biomass324
Vibrio_mimicus_MB_451,biomass289
Vibrio_parahaemolyticus_RIMD_2210633,biomass283
Weissella_cibaria_KACC_11862,biomass164
Weissella_confusa_LBAE_C39_2,biomass161
Weissella_paramesenteroides_ATCC_33313,biomass473
Yersinia_bercovieri_ATCC_43970,biomass309
Yersinia_enterocolitica_subsp_enterocolitica_8081,biomass298
Yersinia_frederiksenii_ATCC_33641,biomass293
Yersinia_kristensenii_ATCC_33638,biomass299
Yersinia_pseudotuberculosis_YPIII,biomass301
Yersinia_rohdei_ATCC_43380,biomass295
Yokenella_regensburgei_ATCC_43003,biomass353
