EX_cpd11416(e),EX_Biomass(e)
EX_cpd11606(e),EX_mqn7(e)
EX_cpd00001(e),EX_h2o(e)
EX_cpd00007(e),EX_o2(e)
EX_cpd00009(e),EX_pi(e)
EX_cpd00011(e),EX_co2(e)
EX_cpd00012(e),EX_ppi(e)
EX_cpd00013(e),EX_nh4(e)
EX_cpd00023(e),EX_glu_L(e)
EX_cpd00024(e),EX_akg(e)
EX_cpd00027(e),EX_glc_D(e)
EX_cpd00028(e),EX_pheme(e)
EX_cpd00030(e),EX_mn2(e)
EX_cpd00033(e),EX_gly(e)
EX_cpd00034(e),EX_zn2(e)
EX_cpd00035(e),EX_ala_L(e)
EX_cpd00036(e),EX_succ(e)
EX_cpd00039(e),EX_lys_L(e)
EX_cpd00041(e),EX_asp_L(e)
EX_cpd00047(e),EX_for(e)
EX_cpd00048(e),EX_so4(e)
EX_cpd00051(e),EX_arg_L(e)
EX_cpd00053(e),EX_gln_L(e)
EX_cpd00054(e),EX_ser_L(e)
EX_cpd00058(e),EX_cu2(e)
EX_cpd00060(e),EX_met_L(e)
EX_cpd00063(e),EX_ca2(e)
EX_cpd00064(e),EX_orn(e)
EX_cpd00065(e),EX_trp_L(e)
EX_cpd00066(e),EX_phe_L(e)
EX_cpd00067(e),EX_h(e)
EX_cpd00069(e),EX_tyr_L(e)
EX_cpd00073(e),EX_urea(e)
EX_cpd00075(e),EX_no2(e)
EX_cpd00076(e),EX_sucr(e)
EX_cpd00079(e),EX_g6p(e)
EX_cpd00080(e),EX_glyc3p(e)
EX_cpd00082(e),EX_fru(e)
EX_cpd00084(e),EX_cys_L(e)
EX_cpd00092(e),EX_ura(e)
EX_cpd00098(e),EX_chol(e)
EX_cpd00099(e),EX_cl(e)
EX_cpd00100(e),EX_glyc(e)
EX_cpd00104(e),EX_btn(e)
EX_cpd00105(e),EX_rib_D(e)
EX_cpd00106(e),EX_fum(e)
EX_cpd00107(e),EX_leu_L(e)
EX_cpd00108(e),EX_gal(e)
EX_cpd00117(e),EX_ala_D(e)
EX_cpd00118(e),EX_ptrc(e)
EX_cpd00119(e),EX_his_L(e)
EX_cpd00121(e),EX_inost(e)
EX_cpd00122(e),EX_acgam(e)
EX_cpd00129(e),EX_pro_L(e)
EX_cpd00130(e),EX_mal_L(e)
EX_cpd00132(e),EX_asn_L(e)
EX_cpd00137(e),EX_cit(e)
EX_cpd00138(e),EX_man(e)
EX_cpd00139(e),EX_glyclt(e)
EX_cpd00142(e),EX_acac(e)
EX_cpd00149(e),EX_cobalt2(e)
EX_cpd00154(e),EX_xyl_D(e)
EX_cpd00156(e),EX_val_L(e)
EX_cpd00158(e),EX_cellb(e)
EX_cpd00159(e),EX_lac_L(e)
EX_cpd00161(e),EX_thr_L(e)
EX_cpd00162(e),EX_etha(e)
EX_cpd00164(e),EX_glcur(e)
EX_cpd00176(e),EX_2ddglcn(e)
EX_cpd00179(e),EX_malt(e)
EX_cpd00182(e),EX_adn(e)
EX_cpd00184(e),EX_thymd(e)
EX_cpd00205(e),EX_k(e)
EX_cpd00208(e),EX_lcts(e)
EX_cpd00209(e),EX_no3(e)
EX_cpd00210(e),EX_taur(e)
EX_cpd00211(e),EX_but(e)
EX_cpd00214(e),EX_hdca(e)
EX_cpd00218(e),EX_nac(e)
EX_cpd00220(e),EX_ribflv(e)
EX_cpd00222(e),EX_glcn(e)
EX_cpd00224(e),EX_arab_L(e)
EX_cpd00226(e),EX_hxan(e)
EX_cpd00235(e),EX_man6p(e)
EX_cpd00239(e),EX_h2s(e)
EX_cpd00244(e),EX_ni2(e)
EX_cpd00246(e),EX_ins(e)
EX_cpd00249(e),EX_uri(e)
EX_cpd00254(e),EX_mg2(e)
EX_cpd00264(e),EX_spmd(e)
EX_cpd00266(e),EX_crn(e)
EX_cpd00268(e),EX_tsul(e)
EX_cpd00277(e),EX_dgsn(e)
EX_cpd00280(e),EX_galur(e)
EX_cpd00281(e),EX_4abut(e)
EX_cpd00305(e),EX_thm(e)
EX_cpd00307(e),EX_csn(e)
EX_cpd00309(e),EX_xan(e)
EX_cpd00311(e),EX_gsn(e)
EX_cpd00314(e),EX_mnl(e)
EX_cpd00322(e),EX_ile_L(e)
EX_cpd00355(e),EX_nmn(e)
EX_cpd00367(e),EX_cytd(e)
EX_cpd00393(e),EX_fol(e)
EX_cpd00395(e),EX_Lcyst(e)
EX_cpd00396(e),EX_rmn(e)
EX_cpd00412(e),EX_duri(e)
EX_cpd00423(e),EX_cbl2(e)
EX_cpd00438(e),EX_dad_2(e)
EX_cpd00441(e),EX_tma(e)
EX_cpd00516(e),EX_26dap_M(e)
EX_cpd00531(e),EX_hg2(e)
EX_cpd00540(e),EX_glyb(e)
EX_cpd00550(e),EX_ser_D(e)
EX_cpd00573(e),EX_idon_L(e)
EX_cpd00588(e),EX_sbt_D(e)
EX_cpd00609(e),EX_glcr(e)
EX_cpd00635(e),EX_cbl1(e)
EX_cpd00637(e),EX_met_D(e)
EX_cpd00644(e),EX_pnto_R(e)
EX_cpd00652(e),EX_galct_D(e)
EX_cpd00653(e),EX_galctn_D(e)
EX_cpd00654(e),EX_dcyt(e)
EX_cpd00681(e),EX_chols(e)
EX_cpd00794(e),EX_tre(e)
EX_cpd00797(e),EX_bhb(e)
EX_cpd00811(e),EX_tmao(e)
EX_cpd00870(e),EX_gbbtn(e)
EX_cpd00971(e),EX_na1(e)
EX_cpd01012(e),EX_cd2(e)
EX_cpd01015(e),EX_cynt(e)
EX_cpd01017(e),EX_cgly(e)
EX_cpd01030(e),EX_salcn(e)
EX_cpd01048(e),EX_aso4(e)
EX_cpd01080(e),EX_ocdca(e)
EX_cpd01092(e),EX_alltn(e)
EX_cpd01155(e),EX_15dap(e)
EX_cpd01171(e),EX_galt(e)
EX_cpd01217(e),EX_xtsn(e)
EX_cpd01242(e),EX_drib(e)
EX_cpd01262(e),EX_malttr(e)
EX_cpd01329(e),EX_malthx(e)
EX_cpd01912(e),EX_fuc1p_L(e)
EX_cpd01914(e),EX_metsox_S_L(e)
EX_cpd03048(e),EX_isetac(e)
EX_cpd03198(e),EX_melib(e)
EX_cpd03279(e),EX_din(e)
EX_cpd03343(e),EX_pppn(e)
EX_cpd03424(e),EX_adpcbl(e)
EX_cpd03696(e),EX_arbt(e)
EX_cpd03724(e),EX_fecrm(e)
EX_cpd03725(e),EX_fe3dcit(e)
EX_cpd03847(e),EX_ttdca(e)
EX_cpd04097(e),EX_pb(e)
EX_cpd04098(e),EX_aso3(e)
EX_cpd08023(e),EX_mso3(e)
EX_cpd08305(e),EX_ctbt(e)
EX_cpd08306(e),EX_gbbtn(e)
EX_cpd08636(c),NA
EX_cpd09878(e),EX_sulfac(e)
EX_cpd10515(e),EX_fe2(e)
EX_cpd10516(e),EX_fe3(e)
EX_cpd11575(e),EX_mops(e)
EX_cpd11576(e),EX_metsox_R_L(e)
EX_cpd11578(e),EX_hexs(e)
EX_cpd11579(e),EX_ethso3(e)
EX_cpd11580(e),EX_glygln(e)
EX_cpd11581(e),EX_glyasn(e)
EX_cpd11582(e),EX_alathr(e)
EX_cpd11583(e),EX_alaleu(e)
EX_cpd11584(e),EX_alahis(e)
EX_cpd11585(e),EX_alagly(e)
EX_cpd11586(e),EX_alaglu(e)
EX_cpd11587(e),EX_alagln(e)
EX_cpd11588(e),EX_glypro(e)
EX_cpd11589(e),EX_glyasp(e)
EX_cpd11590(e),EX_metala(e)
EX_cpd11591(e),EX_glymet(e)
EX_cpd11592(e),EX_glyglu(e)
EX_cpd11593(e),EX_alaasp(e)
EX_cpd11595(e),EX_cro4(e)
EX_cpd11596(e),EX_butso3(e)
EX_cpd11597(e),EX_arsenb(e)
EX_cpd15302(c),NA
EX_cpd15603(e),EX_cgly(e)
EX_cpd15604(e),EX_glyleu(e)
EX_cpd15605(e),EX_glyphe(e)
EX_cpd15606(e),EX_glytyr(e)
EX_cpd00276(e),EX_gam(e)
EX_cpd20885(e),EX_tur(e)
EX_cpd00029(e),EX_ac(e)
EX_cpd00141(e),EX_ppa(e)
EX_cpd00221(e),EX_lac_D(e)
EX_cpd00363(e),EX_etoh(e)
EX_cpd11640(e),EX_h2(e)
EX_cpd00359(e),EX_indole(e)
EX_cpd01711(e),EX_isobut(e)
EX_cpd00361(e),EX_actn_R(e)
EX_cpd00489(e),EX_4hphac(e)
EX_cpd01024(e),EX_ch4(e)
EX_cpd01947(e),EX_btd_RR(e)
EX_cpd00382(e),EX_raffin(e)
EX_cpd00185(e),EX_arab_D(e)
EX_cpd00751(e),EX_fuc_L(e)
EX_cpd00232(e),EX_acnam(e)
EX_cpd00832(e),EX_acgal(e)
EX_cpd01067(e),EX_lyx_L(e)
EX_cpd03662(e),EX_btoh(e)
EX_cpd00357(e),EX_dttp(e)
EX_cpd00793(e),EX_thmmp(e)
EX_cpd01741(e),EX_ddca(e)
EX_cpd00136(e),EX_4hbz(e)
EX_cpd00010(e),EX_coa(e)
EX_cpd02701(e),EX_amob(e)
EX_cpd01188(e),EX_lanost(e)
EX_cpd00115(e),EX_datp(e)
EX_cpd00038(e),EX_gtp(e)
EX_cpd15560(e),EX_q8(e)
EX_cpd15561(e),EX_q8h2(e)
EX_cpd00160(e),EX_chsterol(e)
EX_cpd05238(e),EX_nrvnc(e)
EX_cpd05231(e),EX_doco13ac(e)
EX_cpd12878(e),EX_Methylcobalamin(e)
EX_cpd11657(e),EX_starch(e)
EX_cpd15622(e),EX_ptdca(e)
EX_cpd00306(e),EX_xylt(e)
EX_cpd03396(e),EX_sel(e)
EX_cpd00015(e),EX_fad(e)
EX_cpd00078(e),EX_succoa(e)
EX_cpd00443(e),EX_4abz(e)
EX_cpd00003(e),EX_nad(e)
EX_cpd00006(e),EX_nadp(e)
EX_cpd00166(e),EX_adocbl(e)
EX_cpd00241(e),EX_dgtp(e)
EX_cpd00356(e),EX_dctp(e)
EX_cpd00133(e),EX_ncam(e)
EX_cpd00419(e),EX_pydam(e)
EX_cpd00263(e),EX_pydxn(e)
EX_cpd00042(e),EX_gthrd(e)
EX_cpd00017(e),EX_amet(e)
EX_cpd00052(e),EX_ctp(e)
EX_cpd11574(e),EX_mobd(e)
EX_cpd00062(e),EX_utp(e)
EX_cpd00070(e),EX_malcoa(e)
EX_cpd00201(e),EX_10fthf(e)
EX_cpd03445(e),EX_2ohph(e)
EX_cpd00125(e),EX_mlthf(e)
EX_cpd00016(e),EX_pydx5p(e)
EX_cpd00557(e),EX_sheme(e)
EX_cpd00087(e),EX_thf(e)
EX_cpd00056(e),EX_thmpp(e)
EX_cpd02229(e),EX_udcpdp(e)
EX_cpd03586(e),EX_kdo2lipid4(e)
EX_cpd00215(e),EX_pydx(e)
EX_cpd01107(e),EX_dca(e)
EX_cpd15298(e),EX_ttdcea(e)
EX_cpd15237(e),EX_hdcea(e)
EX_cpd15269(e),EX_ocdcea(e)
EX_cpd01113(e),EX_hxa(e)
EX_cpd03846(e),EX_octa(e)
EX_cpd01399(e),EX_maltttr(e)
EX_cpd15494(e),EX_malthp(e)
EX_cpd11451(e),EX_mql7(e)
EX_cpd17026(e),EX_mmql7(e)
EX_cpd17027(e),EX_mmqn7(e)
EX_cpd90001(e),EX_2fl(e)
EX_cpd01354(e),EX_cll_395(e)
EX_cpd01861(e),EX_12ppd-R(e)
EX_cpd00453(e),EX_12ppd-S(e)
EX_cpd00071(e),EX_acald(e)
EX_cpd00150(e),EX_cyan(e)
EX_cpd08021(e),EX_dmso(e)
EX_cpd00450(e),EX_dms(e)
EX_cpd00055(e),EX_fald(e)
EX_cpd00448(e),EX_glyald(e)
EX_cpd00025(e),EX_h2o2(e)
EX_cpd00659(e),EX_n2o(e)
EX_cpd00418(e),EX_no(e)
EX_cpd00371(e),EX_ppal(e)
EX_cpd00204(e),EX_co(e)
EX_cpd17042(e),EX_dnarep(e)
EX_cpd17043(e),EX_rnatrans(e)
EX_cpd17041(e),EX_proteinsynth(e)
EX_cpd03828(e),EX_23dappa(e)
EX_cpd00059(e),EX_ascb(e)
EX_cpd01631(e),EX_yvite(e)
EX_cpd01401(e),EX_phyQ(e)
EX_cpd01981(e),EX_5mtr(e)
EX_cpd08636(e),EX_dhptd(e)
EX_cpd15302(e),EX_M03161(e)
EX_cpd01133(e),EX_stys(e)
EX_cpd01420(e),EX_caro(e)
EX_cpd00365(e),EX_retinol(e)
EX_cpd00345(e),EX_5mthf(e)
EX_cpd00059(e),EX_ascb_L(e)
EX_cpd01628(e),EX_avite1(e)
EX_cpd00300(e),EX_urate(e)
EX_cpd15609(e),EX_hpdca(e)
EX_cpd01122(e),EX_lnlc(e)
EX_cpd03850(e),EX_lnlnca(e)
EX_cpd15016(e),EX_strdnc(e)
EX_cpd03848(e),EX_arach(e)
EX_cpd00188(e),EX_arachd(e)
EX_cpd16342(e),EX_adrn(e)
EX_cpd16301(e),EX_CLPND(e)
EX_cpd03852(e),EX_crvnc(e)
EX_cpd11601(e),EX_pect(e)
EX_cpd11732(e),EX_xylan(e)
EX_cpd11970(e),EX_arabinoxyl(e)
EX_cpd11696(e),EX_bglc(e)
EX_cpd00656(e),EX_galmannan(e)
EX_cpd11955(e),EX_glcmannan(e)
EX_cpd00020(e),EX_pyr(e)
EX_cpd00081(e),EX_so3(e)
EX_cpd00153(e),EX_bz(e)
EX_cpd00155(e),EX_glycogen(e)
EX_cpd00366(e),EX_rbt(e)
EX_cpd11594(e),EX_dextrin(e)
EX_cpd00417(e),EX_abt(e)
EX_cpd27312(e),EX_inulin(e)
EX_cpd02077(e),EX_dlnlcg(e)
EX_cpd05231(e),EX_doco13ac
EX_cpd05196(e),EX_docosac
EX_cpd03224(e),EX_vitd2(e)
EX_cpd11657(e),EX_strch1(e)
EX_cpd00558(e),EX_sprm(e)
EX_cpd05235(e),EX_lgnc(e)
EX_cpd00534(e),EX_i(e)
EX_cpd19069(e),EX_pac(e)
EX_cpd00508(e),EX_3mop(e)
EX_cpd00116(e),EX_meoh(e)
EX_cpd19047(e),EX_alac_S(e)
EX_cpd03422(e),EX_cbi(e)
EX_cpd00324(e),EX_ch4s(e)
EX_cpd00425(e),EX_dma(e)
EX_cpd00229(e),EX_gcald(e)
EX_cpd00703(e),EX_ind3ac(e)
EX_cpd00116(e),EX_meoh(e)
EX_cpd00187(e),EX_mma(e)
EX_cpd15837(e),EX_cbl1hbi(e)
EX_cpd00541(e),EX_lipoate(e)
EX_cpd11683(e),EX_chtn(e)
EX_cpd00046(e),EX_cmp(e)
EX_cpd00018(e),EX_amp(e)
EX_cpd00091(e),EX_ump(e)
EX_cpd00126(e),EX_gmp(e)
EX_cpd00002(e),EX_atp(e)
EX_cpd00152(e),EX_agm(e)
EX_cpd00170(e),EX_g15lac(e)
EX_cpd00178(e),EX_acetone(e)
EX_cpd00477(e),EX_acglu(e)
EX_cpd00528(e),EX_n2(e)
EX_cpd01618(e),EX_13ppd(e)
EX_cpd02992(e),EX_core4(e)
EX_cpd03226(e),EX_vitd3(e)
EX_cpd11842(c),EX_core3(e)
EX_cpd15500(e),EX_mqn8(e)
EX_cpd16301(e),EX_clpnd(e)
EX_cpd05196(e),EX_docosac(e)
rxn00001,PPA
rxn00002,ALPHNH
rxn00006,r0010
rxn00007,TREH
rxn00010,GLXCL
rxn00011,ACLS_a
rxn00016,AHEXASE3
rxn00020,BGLAr
rxn00022,MALT
rxn00029,PPBNGS
rxn00048,RBFSb
rxn00056,FERO
rxn00058,CYO1b
rxn00060,HMBS
rxn00062,DM_atp_c_
rxn00065,ADNCYC
rxn00074,CBL2D
rxn00077,NADK
rxn00083,THD1
rxn00085,GLUOX
rxn00086,GTHRD
rxn00095,AP4AH
rxn00097,ADK1
rxn00100,DPCOAK
rxn00101,UREA
rxn00102,H2CO3D
rxn00105,NMNATr
rxn00114,CBMKr
rxn00117,NDPK2
rxn00119,UMPK
rxn00122,FMNAT
rxn00124,PYDXKr
rxn00126,METATr
rxn00127,ADMDCr
rxn00131,AMPN
rxn00132,NTD7
rxn00137,BPNT
rxn00138,NADS1
rxn00139,ADPT
rxn00141,AHC
rxn00143,AHCYSNS_r
rxn00145,L_LACDr
rxn00146,D_LACD
rxn00147,PPS
rxn00148,PYK
rxn00151,PPDK
rxn00152,PYROX
rxn00157,PFL
rxn00159,ME1
rxn00160,MALDDH
rxn00161,ME2
rxn00162,OAADC
rxn00165,r0060
rxn00166,SERD_D
rxn00171,ACALD
rxn00173,PTAr
rxn00175,ACS
rxn00178,ACACT1r
rxn00179,GLU5K
rxn00182,GLUDxi
rxn00183,PUTA3
rxn00184,GLUDy
rxn00187,GLNS
rxn00189,GLUN
rxn00190,NADS2
rxn00192,ACGS
rxn00193,GLUR
rxn00194,GLUDC
rxn00199,r0082
rxn00205,GTHP
rxn00206,SPODM
rxn00208,PYAM5POr
rxn00209,PDX5PO
rxn00211,UDPGDr
rxn00212,UDPGP
rxn00213,GALU
rxn00214,UDPG4E
rxn00216,HEX1
rxn00221,G1PP
rxn00222,BGLA
rxn00223,XYLI2
rxn00224,FCLTc
rxn00225,ACKr
rxn00227,ACYP_2
rxn00231,AMID4
rxn00237,NDPK1
rxn00239,GK1
rxn00242,PPGPPDP
rxn00245,TARTD
rxn00247,PPCKr
rxn00248,MDH
rxn00250,PC
rxn00251,PPCr
rxn00256,OAASr
rxn00260,ASPTA
rxn00262,ASPO1
rxn00265,CITL
rxn00272,AGTi
rxn00274,GLYAT
rxn00278,ALAD_R
rxn00283,ALAR
rxn00285,SUCOAS
rxn00288,SUCD1
rxn00289,MCITL2
rxn00290,OCOAT1r
rxn00291,SGDS
rxn00292,UAG2EMA
rxn00293,UAGDP
rxn00295,UAG4E
rxn00297,UAG2E
rxn00299,GTPDIH2
rxn00300,GTPCII
rxn00302,GTPCI
rxn00303,GTPDPK
rxn00313,DAPDC
rxn00321,LYSAM
rxn00322,LYSDC
rxn00324,GLYCLTDy
rxn00327,UGLYCH
rxn00328,DDPGA
rxn00330,GLXS
rxn00333,GLYCTO1
rxn00336,ICL
rxn00337,ASPK
rxn00338,ASPO6
rxn00340,ASNS2
rxn00342,r0127
rxn00346,ASP1DC
rxn00347,ASPT
rxn00350,GGTA
rxn00351,GTHS
rxn00355,GALT
rxn00358,UDPGALM
rxn00361,ADSK
rxn00363,NTD4
rxn00364,CYTK1
rxn00365,CYTDK1
rxn00368,CYTDK4
rxn00369,CYTDK2
rxn00371,FDHr
rxn00379,SADT
rxn00392,RBFK
rxn00394,ARGN
rxn00395,ARGDA
rxn00405,ARGDC
rxn00407,DCTPD2
rxn00409,NDPK3
rxn00410,CTPS1
rxn00412,CTPS2
rxn00414,CBPS
rxn00416,ASNS1
rxn00420,PSP_L
rxn00422,SPTc
rxn00423,SERATi
rxn00438,TMPKr
rxn00440,TMDPK
rxn00441,r0163c
rxn00452,HCYSMT
rxn00459,ENO
rxn00461,UAGCVT_r
rxn00469,ACODAr
rxn00470,ORNDC
rxn00473,TRPAS2
rxn00474,TRPS2r
rxn00493,PHETA1
rxn00499,LDH_L
rxn00500,LDH_D
rxn00501,MMSAD3
rxn00503,P5CD
rxn00506,ALDD2x
rxn00508,SSALxr
rxn00509,SSALyr
rxn00512,GLYCLTDx
rxn00515,NDPK9
rxn00527,TYRTA
rxn00533,ACCOAC
rxn00537,PACTH
rxn00539,ETHAAL
rxn00540,HOPNTAL
rxn00541,THRAr
rxn00543,ALCD2x
rxn00544,rxn00544
rxn00545,PFK
rxn00546,M1PD
rxn00547,HEX7
rxn00548,F6PE4PL
rxn00549,FBP
rxn00551,PFK(ppi)
rxn00552,G6PDA
rxn00555,GF6PTA
rxn00558,PGI
rxn00559,MAN6PI
rxn00566,CYSDS
rxn00568,NTRIR2x
rxn00569,NTRIR2y
rxn00575,SUCR
rxn00577,GLCTR4r
rxn00588,CATDOX
rxn00599,ALAS
rxn00601,AST
rxn00602,MMM2r
rxn00604,G6PDH2r
rxn00605,TRE6PS
rxn00606,TRE6PH
rxn00607,MALT6PH
rxn00608,BGLA1
rxn00609,MI1PI
rxn00611,G3PD1
rxn00612,G3PD2
rxn00615,GLYK
rxn00616,G3PD8
rxn00621,G3PCT
rxn00623,SULR
rxn00634,SBTD_D2
rxn00640,MAN1PT2
rxn00642,GMAND
rxn00646,GLUCYS
rxn00649,CYSS
rxn00650,AMPTASECG
rxn00654,UPPN
rxn00669,ACCOAL
rxn00670,PTA2
rxn00671,MMSAD1
rxn00672,MMCD
rxn00675,r0220
rxn00676,MACCOAT
rxn00679,MCITS
rxn00686,DHFR
rxn00689,FPGS_tm
rxn00690,FTHFL
rxn00691,FTHFD
rxn00692,GHMT2r
rxn00693,METSr
rxn00695,GLGC
rxn00702,G1PCT
rxn00704,PGMT
rxn00707,CYTDK3
rxn00708,NTD2
rxn00709,URIK1
rxn00710,OMPDC
rxn00711,UPPRT
rxn00712,URIK4
rxn00713,URIK2
rxn00715,URIK3
rxn00717,CSND
rxn00720,DURAD
rxn00726,ANS2
rxn00727,ANS
rxn00737,THRD_L
rxn00740,SHSL4r
rxn00742,CYSTGL
rxn00743,ALKP
rxn00744,DHAK
rxn00745,DHAPT
rxn00747,TPI
rxn00748,MGSA
rxn00756,CHOLSH
rxn00758,GPDDA1
rxn00762,GLYCDx
rxn00763,ALCD19
rxn00768,GLYCDH
rxn00769,GLYH
rxn00770,PRPPS
rxn00772,RBK
rxn00775,ADPRDP
rxn00776,YUMPS
rxn00777,RPI
rxn00778,PPM
rxn00779,D_GLY3PR
rxn00781,GAPD
rxn00783,DDPGALA
rxn00784,DRPAr
rxn00785,TKT2
rxn00786,FBA
rxn00787,TGBPA
rxn00789,ATPPRT
rxn00790,GLUPRT
rxn00791,ANPRT
rxn00792,BACCLi
rxn00799,FUM
rxn00800,ADSL1r
rxn00802,ARGSL
rxn00806,LEUTA
rxn00808,GALK
rxn00816,LACZ
rxn00817,GALS3
rxn00818,RAFGH
rxn00829,DPMVDc
rxn00830,IPDDI
rxn00831,NTD11
rxn00832,IMPC
rxn00834,IMPD
rxn00835,INSK
rxn00836,HXPRT
rxn00837,GMPR
rxn00838,ADSS
rxn00839,NDPK8
rxn00851,ALAALA
rxn00853,NCPTRCA
rxn00856,PTRCTA
rxn00858,AGMT
rxn00863,HISTD
rxn00867,HISD
rxn00868,ACOAD1
rxn00871,PBUTT
rxn00874,ACACT2r
rxn00875,BUTCTr
rxn00879,INS2D
rxn00881,MI1PP
rxn00882,MI4PP
rxn00883,MI3PP
rxn00892,ACGAMK
rxn00897,ACGAM2E
rxn00898,DHAD1
rxn00902,3MOBS
rxn00903,VALTA
rxn00904,VPAMTr
rxn00907,MTHFD
rxn00910,METFR
rxn00912,MOHMT
rxn00913,NTD9
rxn00914,GSNK
rxn00915,GUAPRT
rxn00917,GMPS2
rxn00926,ADD
rxn00927,ADNUC
rxn00929,PRO1x
rxn00931,P5CRyr
rxn00935,MALFADO
rxn00938,NNAM
rxn00947,FACOAL160
rxn00950,CYSTL
rxn00952,AHSERL2
rxn00953,CYSTS
rxn00966,CHRPL
rxn00973,ACONT
rxn00974,ACONTa
rxn00979,GCALDDr
rxn00980,PGLYCP
rxn00985,PPAKr
rxn00986,r0318
rxn00988,AACOAT
rxn00990,ACACCTr
rxn00991,HMGL
rxn00992,BDH
rxn00999,PPOR
rxn01000,PPNDH
rxn01011,GLYD
rxn01013,GLYDy
rxn01015,HPYRI
rxn01018,ASPCT
rxn01019,OCBT
rxn01021,MTAN
rxn01025,MCSNAH1r
rxn01028,DURAD2
rxn01029,AGMD
rxn01044,XYLI1
rxn01053,LCADi
rxn01068,THRD
rxn01069,THRS
rxn01073,GPDDA2
rxn01080,GUI1
rxn01093,DHBS
rxn01094,DHBD
rxn01100,PGK
rxn01101,PGCDr
rxn01102,r0339
rxn01103,ACYP
rxn01106,PGM
rxn01107,G15LACH
rxn01108,GNOX
rxn01109,GNOXy
rxn01111,PRKIN
rxn01114,RBK_Dr
rxn01115,GND
rxn01116,RPE
rxn01117,A5PISO
rxn01121,GLCND
rxn01122,ALTRH
rxn01123,DDGLKr
rxn01127,r0345
rxn01128,URIK12
rxn01129,URIK7
rxn01132,MLTP4
rxn01133,MALTATr
rxn01137,ADA
rxn01138,PUNP1
rxn01143,TMDK1
rxn01145,NTD5
rxn01146,TMDPP
rxn01169,HEXb
rxn01171,GALM1r
rxn01187,XU5PG3PL
rxn01192,34DCCBR
rxn01199,XYLKr
rxn01200,TKT1
rxn01203,DHEDAA
rxn01204,ABTAr
rxn01207,OIVD1r
rxn01208,OMCDC
rxn01210,FPGS7
rxn01211,MTHFC
rxn01213,DMATT
rxn01217,DCMPDA
rxn01218,NTD3
rxn01219,CYTK2
rxn01225,GUAD
rxn01226,GNNUC
rxn01236,BUTKr
rxn01241,PDHc
rxn01255,CHORS
rxn01256,CHORM
rxn01257,ADCS
rxn01258,ICHORS
rxn01259,ISOMALT
rxn01265,NAPRT
rxn01268,PPND
rxn01269,PPND2
rxn01270,LARGNAT
rxn01274,GLYOX
rxn01275,GNK
rxn01277,GLCNOXy
rxn01278,5DGLCNR
rxn01279,AC2DHOR
rxn01280,TRSARr
rxn01281,TRSARry
rxn01285,TARCGLYL
rxn01286,r0392
rxn01291,ABTOXy
rxn01292,ARAI
rxn01297,HXAND
rxn01299,INSH
rxn01300,HSK
rxn01301,HSDx
rxn01302,HSDy
rxn01304,HSST
rxn01313,DHPR
rxn01314,r0398
rxn01316,ACNAMS
rxn01322,ACNML
rxn01329,PMANM
rxn01331,E4PD
rxn01332,DDPA
rxn01333,TALA
rxn01334,FBA3
rxn01343,PFK_3
rxn01352,NTPTP1
rxn01353,NDPK5
rxn01358,PUNP5
rxn01360,DHORDi
rxn01362,OROTPT
rxn01364,QUIDH
rxn01366,PYNP2r
rxn01368,CYTD
rxn01370,URIK8
rxn01383,RBTDG
rxn01387,r0422
rxn01388,ACONTb
rxn01390,RMK2
rxn01396,PYDXNK
rxn01403,GSPMDS
rxn01404,GSPMDA
rxn01406,SPMS
rxn01416,THSFST
rxn01434,ARGSSr
rxn01444,r0456
rxn01445,NTD8
rxn01446,PUNP4
rxn01451,HACD1
rxn01452,PHPB2
rxn01454,HMGCOAS
rxn01457,GUI2
rxn01459,ABUTR
rxn01465,DHORTS
rxn01466,GRTT
rxn01476,PGL
rxn01477,EDD
rxn01480,HIBD
rxn01484,AGDC
rxn01485,PGAMT
rxn01486,FRTT
rxn01489,GGT
rxn01492,FRUK
rxn01501,r0488
rxn01506,AMANAPEr
rxn01507,NTD6
rxn01508,DADNK
rxn01509,DGK1
rxn01510,URIK13
rxn01512,NDPK4
rxn01513,DTMPK
rxn01515,URIK14
rxn01516,URIK9
rxn01517,URIDK3
rxn01518,DURIK1
rxn01519,DUTPDP
rxn01520,TMDS
rxn01521,NTD1
rxn01522,r0502
rxn01523,URAOX
rxn01537,TMN
rxn01538,TMKr
rxn01544,XPPTr
rxn01545,XTSNH
rxn01548,PUNP3
rxn01575,ILETA
rxn01602,DHFOR2
rxn01603,DHFS
rxn01607,MEVK1c
rxn01615,LCARS
rxn01620,FCLPA
rxn01621,RMPA
rxn01629,G1SAT
rxn01630,APENTAMAH
rxn01636,ORNTAC
rxn01637,ACOTA
rxn01639,FGLU
rxn01641,GLUFORT
rxn01642,IZPN
rxn01643,ASAD
rxn01644,DHDPS
rxn01646,PNP
rxn01647,NP1_r
rxn01648,PYNP1r
rxn01649,PUNP7
rxn01653,FTHFCL
rxn01654,FORTHFC
rxn01664,AADSACYCL
rxn01670,NTD5_a
rxn01671,NMNPH
rxn01672,DCTPD
rxn01673,NDPK7
rxn01674,URIK5
rxn01675,G1PTT
rxn01678,NDPK6
rxn01679,URIK6
rxn01682,TRPS3r
rxn01685,ACTD
rxn01705,URIK10
rxn01706,URIK11
rxn01709,12PPDSDH
rxn01715,TYROXDAc
rxn01737,RAFH
rxn01739,SHKK
rxn01740,SHK3Dr
rxn01747,ALLTAMH2
rxn01748,ALLTN
rxn01750,CDPGHL
rxn01761,RMI
rxn01763,RBK_L1
rxn01775,MANAO
rxn01790,DPRr
rxn01791,PANTS
rxn01799,DURIPP
rxn01800,DCYTD
rxn01807,PYDAMK
rxn01816,SHSL1r
rxn01833,AACTOOR
rxn01834,LGTHL
rxn01840,r0545
rxn01842,PACCOAL
rxn01843,AMID2
rxn01847,TARTRDH2
rxn01851,ABUTD
rxn01857,TAGURr
rxn01858,DADA
rxn01859,PUNP2
rxn01867,BETALDHx
rxn01868,BETALDHy
rxn01870,FBA2
rxn01871,PDHbr
rxn01872,r0556c
rxn01879,LCARRy
rxn01893,OP4ENH
rxn01895,HKNDDH
rxn01911,DOGULNR
rxn01912,3DGUR
rxn01917,ACGK
rxn01923,ACOADH2
rxn01945,4HP34DHPD
rxn01951,AMANK
rxn01961,NTD10
rxn01964,TRPS1
rxn01966,TREGLUDR2
rxn01967,PGMT2
rxn01972,DAPDA
rxn01973,SDPDS
rxn01974,DAPE
rxn01975,G6PBDH
rxn01977,G6PI
rxn01985,PUNP6
rxn01986,r0570
rxn01987,DRBK
rxn01989,GLCRD
rxn01990,GLCRAL
rxn01991,DAPMDH
rxn01996,MME
rxn01997,TDPGDH
rxn01999,TDPAGTA
rxn02000,TDPDRE
rxn02003,TDPDRRr
rxn02004,TRE6PP
rxn02005,TREpts
rxn02007,2INSD
rxn02008,UAMAGS
rxn02011,UAAGDS
rxn02056,SHCHF
rxn02085,URCN
rxn02102,URDGLYCD
rxn02103,URDGLYCR
rxn02112,BTDD_RR
rxn02113,ACLDC
rxn02144,OXOAEL
rxn02155,NNATr
rxn02159,HISTD
rxn02160,HISTP
rxn02161,RMK
rxn02166,4NTPPH2
rxn02167,ECOAH1
rxn02168,ECOAH1R
rxn02173,GALCTND
rxn02175,PTPAT
rxn02177,ICHORT
rxn02185,ACLS_b
rxn02186,KARA1
rxn02187,ALACI
rxn02200,DHPS
rxn02201,FOLD3
rxn02212,DHQS
rxn02213,DHQTi
rxn02222,INHINDH
rxn02235,13PPDHr
rxn02263,FCI
rxn02264,UPP3S
rxn02268,ACOAD20
rxn02269,OIVD3
rxn02270,2MECOAOX
rxn02275,AMID
rxn02277,DBTS
rxn02285,UAPGR
rxn02286,UAMAS
rxn02287,UPP3MT
rxn02288,UPPDC1
rxn02297,AOXSr
rxn02302,METB1
rxn02303,CPPPGO
rxn02305,TMPPP
rxn02312,AMAOTr
rxn02313,SRBL1PR
rxn02314,PFK_2
rxn02319,FCLK
rxn02320,HSTPTr
rxn02321,RB5PE
rxn02322,PMEVKc
rxn02331,KDOPSr
rxn02339,EHGLAT
rxn02341,PPCDC
rxn02342,LPAMS
rxn02345,3HBCOAE
rxn02346,2DH3DGLCA
rxn02359,PROD3
rxn02363,3HPHACOX
rxn02366,DHPDO
rxn02369,PCAB
rxn02373,G5SDr
rxn02374,G5SADs
rxn02376,3CARLPDH
rxn02377,UACMAMO
rxn02380,G6PI3
rxn02400,NT5C
rxn02402,NNDPR
rxn02404,KDOPP
rxn02405,KDOCT2
rxn02416,MELTOX
rxn02429,DDGALK
rxn02449,GTPDPDP
rxn02465,AGPR
rxn02473,IGPDH
rxn02474,APRAUR
rxn02475,DHPPDA
rxn02476,PSCVT
rxn02483,CMLDC
rxn02484,HMPK1
rxn02503,HPPK
rxn02504,DHNPA
rxn02507,IGPS
rxn02508,PRAI
rxn02521,23PDE7
rxn02522,23PDE2
rxn02527,ALCD4
rxn02569,SELNPS
rxn02596,STYSGH
rxn02666,AOBUTDs
rxn02680,ACACT4r
rxn02760,FFSD
rxn02762,23PDE4
rxn02774,SHCHD2
rxn02775,PC20M
rxn02782,MUCCYCI
rxn02788,2HMCOXT
rxn02789,IPPMIa
rxn02791,5GLUP5T1
rxn02792,5GLUP5T2
rxn02804,ACACT7r
rxn02811,IPPMIb
rxn02831,SUCBZL
rxn02832,SUCBZS
rxn02834,PRATPP
rxn02835,PRAMPC
rxn02853,IMACTD
rxn02883,OHEDH
rxn02885,HHDDI
rxn02894,MTRK
rxn02895,PRAGS
rxn02897,NNDMBRT
rxn02898,NPHS
rxn02900,AEPPT
rxn02911,ECOAH5
rxn02914,PSERT
rxn02916,AOXHEXCYCL
rxn02927,SADH
rxn02929,DHDPRy
rxn02933,HACD9
rxn02934,ECOAH9
rxn02937,PRAIS
rxn02938,5AIZCDC
rxn02939,PERD
rxn02944,SOTA
rxn02945,PPHTDT
rxn02949,ECOAH12
rxn02971,25K5O2AI
rxn02988,QULNS
rxn03004,GARFTi
rxn03012,L2A6ODs
rxn03030,APAT
rxn03031,THDPS
rxn03038,HPPPNDO
rxn03040,5CM2HMUDI
rxn03041,5C2O3EDDC
rxn03052,MTHPTGHM
rxn03055,4C2HM6SADH
rxn03057,MTRI
rxn03060,MCITD
rxn03061,MICITDr
rxn03062,IPMDr
rxn03068,KARA3
rxn03075,HETZK
rxn03080,RBFSa
rxn03084,PRFGS
rxn03086,ACEDIPIT
rxn03087,SDPTA
rxn03108,PMPK
rxn03130,USHD
rxn03135,IG3PS
rxn03136,ADSL2r
rxn03137,AICART
rxn03146,UHGADA
rxn03147,PRASCSi
rxn03150,RZ5PP
rxn03159,LPADSS
rxn03164,UGMDDS
rxn03167,AKP1
rxn03173,DNTPPA
rxn03174,AHDTH
rxn03175,PRMICI
rxn03181,TDSK
rxn03182,MOAT
rxn03188,BUP2
rxn03194,ACHBPL
rxn03239,HACD7
rxn03240,ECOAH7
rxn03241,ECOAH6
rxn03242,HACD5
rxn03243,ACACT5r
rxn03244,HACD4
rxn03245,ECOAH4
rxn03246,HACD3
rxn03247,ECOAH3
rxn03248,ACACT3r
rxn03249,HACD2
rxn03250,ECOAH2
rxn03384,UPPDC2b
rxn03393,OPHBDC
rxn03394,NOPHMO
rxn03395,OHPHM
rxn03397,URFGTT
rxn03406,GLNSP1
rxn03407,GLNSP2
rxn03408,UAGPT3
rxn03409,GLNSP3
rxn03419,FNTPH
rxn03421,GTPDIH
rxn03422,SGSAD
rxn03435,23DHMPO
rxn03436,2AHBUTI
rxn03437,DHAD2
rxn03439,CDOSKT
rxn03445,OHPBAT
rxn03446,4HTHRS
rxn03481,AB6PGH2
rxn03482,6PHBG2
rxn03483,23PDE9
rxn03491,PC6YM
rxn03492,PC6AR
rxn03511,AGMHE
rxn03512,PC8XM
rxn03513,PC17M
rxn03514,PC11M
rxn03535,CYRDAAT
rxn03536,ADOCBIK
rxn03537,ACBIPGT
rxn03538,ADOCBLS
rxn03540,ADCYRS
rxn03630,TAUDO
rxn03638,G1PACT
rxn03641,ACCOAT
rxn03643,AB6P3HXLL
rxn03644,6P3HXI
rxn03838,MANA4
rxn03839,AMID5
rxn03841,ADCL
rxn03842,URDGLYAH
rxn03843,FT
rxn03852,UACMAMAT
rxn03856,GLTPD
rxn03869,BZAMAH
rxn03883,ABTDG
rxn03884,EDA_R
rxn03885,MNNH
rxn03886,SBTPD
rxn03887,GALCTD
rxn03891,HEXTT
rxn03892,PPTT
rxn03893,HBZOPT
rxn03897,BZ12DOX
rxn03898,BZ12DOXy
rxn03901,UDCPDP
rxn03903,PAPPT2
rxn03904,PAPPT3
rxn03907,MEPCT
rxn03908,CDPMEK
rxn03909,DXPS
rxn03910,MECDPS
rxn03916,GMHEPAT
rxn03917,S7PIr
rxn03918,GMHEPK
rxn03919,GMHEPPA
rxn03931,DKDID
rxn03932,D5KGK
rxn03933,UAGPT2
rxn03951,PHTHRDH
rxn03953,IDOND
rxn03954,IDOND2
rxn03958,DXPRIr
rxn03962,GFUCS
rxn03974,FMNRx
rxn03975,FMNRx2
rxn03978,NTRIR5
rxn03990,NODOx
rxn03991,NODOy
rxn04016,ACONMT
rxn04020,TRE6PPGT
rxn04045,SHCHCC2
rxn04046,CPC2MT
rxn04047,CPC3MT
rxn04048,CPC4MT
rxn04050,CPC6R
rxn04052,CPC8MM
rxn04070,PDX5PSYN
rxn04082,RBP4E
rxn04113,IPDPS2
rxn04132,RE3351C
rxn04133,RE3352C
rxn04139,2OMMBOX
rxn04143,TARTRDH
rxn04308,IPDPUPT
rxn04384,ADCPS2
rxn04385,THRPD
rxn04386,LTHRK
rxn04413,ADOCBIK2
rxn04456,ALLTNS
rxn04457,ALLTNRS
rxn04597,PPPNDO
rxn04598,CINNDO
rxn04599,DHPPD
rxn04600,DHCIND
rxn04601,3HPPPNH
rxn04602,3HCINNMH
rxn04603,DHCINDO
rxn04604,HKNTDH
rxn04673,DHNAOPT
rxn04674,PHYQS
rxn04704,CPPPGO2
rxn04713,SNCOAT
rxn04750,HADPCOADH3
rxn04783,GART
rxn04794,OBTFL
rxn04928,KG6PDC
rxn04938,SHMGTyOX
rxn04954,r0792
rxn04996,DMPPS2r
rxn05012,ACOCT
rxn05024,NPTS
rxn05029,CBIAT
rxn05031,PPHTDK
rxn05039,PMDPHT
rxn05040,DB4PS
rxn05054,ADCPS1
rxn05063,CBMTHL
rxn05064,CBMTHL2
rxn05092,DKMPPD2
rxn05104,MDRPD
rxn05105,HKMPPI
rxn05106,DKMPPD3
rxn05108,UNK3
rxn05116,AMOPBHL
rxn05119,ASPO2
rxn05126,GGGABARr
rxn05127,GGGABADr
rxn05144,PLPS
rxn05145,PIabc
rxn05146,GLUabc
rxn05147,GLCabc
rxn05148,HEMEti
rxn05149,MNabc
rxn05150,ZNabc
rxn05151,LYSabc
rxn05152,ASPabc
rxn05153,r1162
rxn05154,ARGabc
rxn05155,GLNabc
rxn05156,ORNabc
rxn05158,GLYC3Pabc
rxn05159,CHLabc
rxn05160,RIBabc
rxn05161,LEUabc
rxn05162,GALabc
rxn05163,PTRCabc
rxn05164,HISabc
rxn05165,PROabc
rxn05166,Coabc
rxn05167,XYLabc
rxn05168,VALabc
rxn05170,MALTabc
rxn05171,NO3abc
rxn05172,TAURabc
rxn05173,ARBabc
rxn05174,NIabc
rxn05175,SPMDabc
rxn05176,TSULabc
rxn05177,THMabc
rxn05179,ILEabc
rxn05180,CRNabc
rxn05181,GLYBabc
rxn05183,METDabc
rxn05184,CHOLabc
rxn05187,ADOCBLabc
rxn05188,FECRMabc
rxn05189,FE3abc
rxn05192,CTBTabc
rxn05193,GBBTNabc
rxn05195,FE3abc
rxn05197,URAt2r
rxn05198,CYTDt2r
rxn05199,URIt2r
rxn05200,THMDt2r
rxn05201,HYXNt
rxn05202,XANt2r
rxn05204,GSNt2r
rxn05205,DCYTt2r
rxn05206,Kt1r
rxn05207,MALNAt
rxn05209,NAt3_1
rxn05217,ASPt2r
rxn05219,METabc
rxn05221,PROt4r
rxn05223,BTNabc
rxn05226,GLCpts
rxn05229,AIRC4
rxn05231,RNDR1
rxn05232,RNTR1
rxn05233,RNDR2
rxn05234,RNTR2
rxn05235,RNTR3
rxn05236,RNTR4
rxn05237,CYSabc
rxn05239,RE3009C
rxn05243,LEUt2r
rxn05244,ILEt2r
rxn05247,FACOALI14
rxn05248,FACOALAI15
rxn05249,FACOALI15
rxn05250,FACOALI16
rxn05251,FACOALAI17
rxn05252,FACOALI17
rxn05255,FOLt
rxn05256,PAAMOR
rxn05287,GGTT
rxn05289,TRDRr
rxn05292,FE3t4
rxn05293,MECDPDH2
rxn05297,GLUt2r
rxn05298,GLUt4r
rxn05300,THRt2r
rxn05301,TYRt2r
rxn05303,ARGt2
rxn05305,LYSt3r
rxn05306,PHEt2r
rxn05307,SERt2r
rxn05310,NACUP
rxn05312,PIt6b
rxn05313,PIt7
rxn05315,ZN2t4
rxn05316,INSt2
rxn05317,DADNt2r
rxn05318,ADNCNT3tc
rxn05319,H2Ot
rxn05322,EAR40xr
rxn05323,EAR140x
rxn05324,EAR120x
rxn05325,EAR80x
rxn05326,EAR60x
rxn05327,EAR100x
rxn05328,EAR160x
rxn05329,3HAD40
rxn05330,3HAD60
rxn05331,3HAD120
rxn05332,3HAD160
rxn05333,3HAD100
rxn05334,3HAD80
rxn05335,3HAD140
rxn05336,3OAR160
rxn05337,3OAR60
rxn05338,3OAR100
rxn05339,3OAR40
rxn05340,3OAR120
rxn05341,3OAR80
rxn05342,3OAR140
rxn05343,3OAS100
rxn05344,3OAS160
rxn05345,3OAS140
rxn05346,3OAS60
rxn05347,KAS14
rxn05348,3OAS120
rxn05349,ACOATA
rxn05350,3OAS80
rxn05358,2MBCOATA
rxn05359,3OAS4M3O6
rxn05360,3OAR4M6
rxn05361,3HAD4M6
rxn05363,3OAS4M6
rxn05364,3OAR6M8
rxn05365,3HAD6M8
rxn05367,3OAS6M8
rxn05368,3OAR8M10
rxn05369,3HAD8M10
rxn05371,3OAS8M10
rxn05372,3OAR10M12
rxn05373,3HAD10M12
rxn05375,3OAS10M12
rxn05376,3OAR12M14
rxn05377,3HAD12M14
rxn05379,3OAS12M14
rxn05380,3OAR14M16
rxn05381,3HAD14M16
rxn05383,IVCOATA
rxn05384,3OAS3M4
rxn05385,3OAR5M6
rxn05386,3HAD5M6
rxn05388,3OAS5M6
rxn05389,3OAR7M8
rxn05390,3HAD7M8
rxn05392,3OAS7M8
rxn05393,3OAR9M10
rxn05394,3HAD9M10
rxn05396,3OAS9M10
rxn05397,3OAR11M12
rxn05398,3HAD11M12
rxn05400,3OAS11M12
rxn05401,3OAR13M14
rxn05402,3HAD13M14
rxn05404,3OAS13M14
rxn05405,3OAR15M16
rxn05406,3HAD15M16
rxn05408,IBCOATA
rxn05409,3OAS2M3
rxn05410,3OAR4M5
rxn05411,3HAD4M5
rxn05413,3OAS4M5
rxn05414,3OAR6M7
rxn05415,3HAD6M7
rxn05417,3OAS6M7
rxn05418,3OAR8M9
rxn05419,3HAD8M9
rxn05421,3OAS8M9
rxn05422,3OAR10M11
rxn05423,3HAD10M11
rxn05425,3OAS10M11
rxn05426,3OAR12M13
rxn05427,3HAD12M13
rxn05429,3OAS12M13
rxn05430,3OAR14M15
rxn05431,3HAD14M15
rxn05433,EAR4M6x
rxn05434,EAR6M8x
rxn05435,EAR8M10x
rxn05436,EAR10M12x
rxn05437,EAR12M14x
rxn05438,EAR14M16x
rxn05439,EAR5M6x
rxn05440,EAR7M8x
rxn05441,EAR9M10x
rxn05442,EAR11M12x
rxn05443,EAR13M14x
rxn05444,EAR15M16x
rxn05445,EAR4M5x
rxn05446,EAR6M7x
rxn05447,EAR8M9x
rxn05448,EAR10M11x
rxn05449,EAR12M13x
rxn05450,EAR14M15x
rxn05451,AIPDCOATA
rxn05452,AIHPDCOATA
rxn05453,IPDCOATA
rxn05454,IHPDCOATA
rxn05455,ITDCOATA
rxn05456,IHDCOATA
rxn05457,TDCOATA
rxn05458,PMTCOATA
rxn05459,STCOATA
rxn05460,3OAS180
rxn05461,3OAR180
rxn05462,3HAD180
rxn05464,EAR180x
rxn05465,MCOATA
rxn05466,NH4tb
rxn05467,CO2t
rxn05468,O2t
rxn05470,GLYCLTt2r
rxn05484,ACACt2
rxn05485,ACGApts
rxn05493,AKGt2r
rxn05494,DALAt2r
rxn05496,ALAt4r
rxn05500,ARBt2r
rxn05501,ARBTpts
rxn05504,ARSENBabc
rxn05506,ASO4t
rxn05507,ASO3t
rxn05508,ASNt2r
rxn05512,BUTSO3abc
rxn05514,CAt4i
rxn05515,CBL2abc
rxn05516,CD2abc1
rxn05517,CD2t6r
rxn05518,CELBpts
rxn05526,CRO4t3
rxn05527,CSNt6
rxn05528,Cut1
rxn05533,ALAASPabc
rxn05534,GLYGLUabc
rxn05535,GLYMETabc
rxn05536,METALAabc
rxn05537,GLYASPabc
rxn05538,GLYPROabc
rxn05539,CGLYabc
rxn05540,ALAGLNabc
rxn05541,ALAGLUabc
rxn05542,ALAGLYabc
rxn05543,ALAHISabc
rxn05544,ALALEUabc
rxn05545,ALATHRabc
rxn05546,GLYASNabc
rxn05547,GLYGLNabc
rxn05549,DRIBabc
rxn05551,ETHAt2
rxn05552,ETHSO3abc
rxn05555,FE2abc
rxn05557,FEDCabc
rxn05559,FORt2r
rxn05560,FRUpts
rxn05561,FUMt2r
rxn05563,G6Pt6_2
rxn05564,ABUTt2r
rxn05565,GALACt
rxn05566,GALt2_2
rxn05567,GALTpts
rxn05571,GLCNt2r
rxn05572,GLCRt2
rxn05573,GLCt2
rxn05574,GLCURt2r
rxn05578,GLYC3Pt
rxn05579,GLYBt2r
rxn05581,GLYCt
rxn05582,GLYt2r
rxn05585,HEXSabc
rxn05593,INSTt2r
rxn05594,ISETACabc
rxn05596,Kt3r
rxn05599,LCYSTabc
rxn05602,L_LACt2r
rxn05605,MALt2r
rxn05607,MALTpts
rxn05608,MALTTRabc
rxn05610,MANpts
rxn05612,MELIBt2r
rxn05613,METSOX1abc
rxn05614,METSOX2abc
rxn05616,MGt5
rxn05617,MNLpts
rxn05618,MNt2
rxn05620,MOPSabc
rxn05621,MSO3abc
rxn05625,NO2t2r
rxn05627,NO3t2
rxn05638,PROt2r
rxn05644,RIBabc
rxn05645,RIBFLVt2r
rxn05646,RMNt2
rxn05647,SALCpts
rxn05649,DSERt2r
rxn05651,SO4t2
rxn05654,SUCCt2r
rxn05655,SUCpts
rxn05656,SULFACabc
rxn05663,TRPt2r
rxn05667,UREAt
rxn05669,VALt2r
rxn05671,XYLt
rxn05673,GALURt2r
rxn05680,XTSNt2r
rxn05681,DDGLCNt2r
rxn05682,ALLTNt2r
rxn05683,BUTt2r
rxn05687,PTRCt2
rxn05732,ACOAD7i
rxn05733,CYSS3r
rxn05734,GLXO1
rxn05735,AACGLYDH
rxn05736,FACOAL140
rxn05737,TFMO2
rxn05740,GLCP3
rxn05746,MLTG1
rxn05937,FRDOr
rxn05938,POR4
rxn05939,OOR2r
rxn05957,SHSL2
rxn05958,RHCCE
rxn06022,ACPpds
rxn06023,ACPS1
rxn06075,RNDR4
rxn06076,RNDR3
rxn06077,METSOXR1r
rxn06078,AHSERL3
rxn06377,GCCa
rxn06493,GCCc
rxn06510,ACACT6r
rxn06526,rxn06526
rxn06591,GLUTRR
rxn06600,GCCb
rxn06672,BTNCL
rxn06673,ACCOACL
rxn06723,U23GAAT
rxn06729,UAGAAT
rxn06777,HACD6
rxn06848,EDTXS2
rxn06865,EDTXS1
rxn06937,GLUTRS
rxn06979,CYRDAS
rxn07438,rxn07438
rxn07441,26DAPLLAT
rxn07468,DHSQLD
rxn07492,ASCBPL
rxn07584,RE1944C
rxn07586,CPC5MT
rxn07587,CPC5MT
rxn07588,CPC6MT
rxn07589,CPC6MT
rxn07845,GLCRHL
rxn08025,AB6PGH
rxn08040,ACGAMT
rxn08083,AGPAT120
rxn08084,AGPAT140
rxn08085,AGPAT141
rxn08086,AGPAT160
rxn08087,AGPAT161
rxn08088,AGPAT180
rxn08089,AGPAT181
rxn08126,AMALT1
rxn08127,AMALT2
rxn08128,AMALT3
rxn08129,AMALT4
rxn08178,BSORx
rxn08179,BSORy
rxn08180,BTS4
rxn08194,CBLAT
rxn08199,CDAPPA120
rxn08200,CDAPPA140
rxn08201,CDAPPA141
rxn08202,CDAPPA160
rxn08203,CDAPPA161
rxn08204,CDAPPA180
rxn08205,CDAPPA181
rxn08257,CRNCBCT
rxn08258,CRNCDH
rxn08291,DAAD
rxn08294,DAGK120
rxn08295,DAGK140
rxn08296,DAGK141
rxn08297,DAGK160
rxn08298,DAGK161
rxn08299,DAGK180
rxn08300,DAGK181
rxn08306,DASYN120
rxn08307,DASYN140
rxn08308,DASYN141
rxn08309,DASYN160
rxn08310,DASYN161
rxn08311,DASYN180
rxn08312,DASYN181
rxn08333,DHNAOT4
rxn08335,DHORD2
rxn08336,DHORD5
rxn08345,DKGLCNR1
rxn08352,DMPPS
rxn08354,DMSOR1
rxn08356,DMSOR2
rxn08467,FDMO
rxn08468,FDMO2
rxn08469,FDMO3
rxn08470,FDMO4
rxn08471,FDMO6
rxn08527,FRD2
rxn08528,FRD3
rxn08546,G3PAT120
rxn08547,G3PAT140
rxn08548,G3PAT141
rxn08549,G3PAT160
rxn08550,G3PAT161
rxn08551,G3PAT180
rxn08552,G3PAT181
rxn08556,G3PD5
rxn08557,G3PD6
rxn08558,G3PD7
rxn08583,GALT1
rxn08615,GLCS3
rxn08618,GLCTR1
rxn08619,GLCTR2
rxn08620,GLCTR3
rxn08655,GLYCTO2
rxn08656,GLYCTO3
rxn08657,GLYCTO4
rxn08669,GPDDA4
rxn08707,HEMEOS
rxn08708,HEPK1
rxn08709,HEPK2
rxn08710,HEPT1
rxn08711,HEPT2
rxn08712,HEPT3
rxn08713,HEPT4
rxn08756,IPDPS
rxn08783,LDH_D2
rxn08792,L_LACD2
rxn08793,L_LACD3
rxn08796,LPLIPAL1A120
rxn08797,LPLIPAL1A140
rxn08798,LPLIPAL1A141
rxn08799,LPLIPAL1A160
rxn08800,LPLIPAL1A161
rxn08801,LPLIPAL1A180
rxn08802,LPLIPAL1A181
rxn08803,LPLIPAL1E120
rxn08804,LPLIPAL1E140
rxn08805,LPLIPAL1E141
rxn08806,LPLIPAL1E160
rxn08807,LPLIPAL1E161
rxn08808,LPLIPAL1E180
rxn08809,LPLIPAL1E181
rxn08810,LPLIPAL1G120
rxn08811,LPLIPAL1G140
rxn08812,LPLIPAL1G141
rxn08813,LPLIPAL1G160
rxn08814,LPLIPAL1G161
rxn08815,LPLIPAL1G180
rxn08816,LPLIPAL1G181
rxn08817,LPLIPAL2A120
rxn08818,LPLIPAL2A140
rxn08819,LPLIPAL2A141
rxn08820,LPLIPAL2A160
rxn08821,LPLIPAL2A161
rxn08822,LPLIPAL2A180
rxn08823,LPLIPAL2A181
rxn08838,LPLIPAL2E120
rxn08839,LPLIPAL2E140
rxn08840,LPLIPAL2E141
rxn08841,LPLIPAL2E160
rxn08842,LPLIPAL2E161
rxn08843,LPLIPAL2E180
rxn08844,LPLIPAL2E181
rxn08845,LPLIPAL2G120
rxn08846,LPLIPAL2G140
rxn08847,LPLIPAL2G141
rxn08848,LPLIPAL2G160
rxn08849,LPLIPAL2G161
rxn08850,LPLIPAL2G180
rxn08851,LPLIPAL2G181
rxn08900,MDH2
rxn08901,MDH3
rxn08933,MLTG2
rxn08934,MLTG3
rxn08935,MLTG4
rxn08936,MLTG5
rxn08941,MLTP1
rxn08942,MLTP2
rxn08943,MLTP3
rxn08954,MOAT3C
rxn08971,NADH10
rxn08975,NADH5
rxn08976,NADH9
rxn09101,PGPP120
rxn09102,PGPP140
rxn09103,PGPP141
rxn09104,PGPP160
rxn09105,PGPP161
rxn09106,PGPP180
rxn09107,PGPP181
rxn09108,PGSA120
rxn09109,PGSA140
rxn09110,PGSA141
rxn09111,PGSA160
rxn09112,PGSA161
rxn09113,PGSA180
rxn09114,PGSA181
rxn09123,PLIPA1A120
rxn09124,PLIPA1A140
rxn09125,PLIPA1A141
rxn09126,PLIPA1A160
rxn09127,PLIPA1A161
rxn09128,PLIPA1A180
rxn09129,PLIPA1A181
rxn09130,PLIPA1E120
rxn09131,PLIPA1E140
rxn09132,PLIPA1E141
rxn09133,PLIPA1E160
rxn09134,PLIPA1E161
rxn09135,PLIPA1E180rev
rxn09136,PLIPA1E181
rxn09137,PLIPA1G120
rxn09138,PLIPA1G140
rxn09139,PLIPA1G141
rxn09140,PLIPA1G160
rxn09141,PLIPA1G161
rxn09142,PLIPA1G180
rxn09143,PLIPA1G181
rxn09144,PLIPA2A120
rxn09145,PLIPA2A140
rxn09146,PLIPA2A141
rxn09147,PLIPA2A160
rxn09148,PLIPA2A161
rxn09149,PLIPA2A180
rxn09150,PLIPA2A181
rxn09151,PLIPA2E120
rxn09152,PLIPA2E140
rxn09153,PLIPA2E141
rxn09154,PLIPA2E160
rxn09155,PLIPA2E161
rxn09156,PLIPA2E180
rxn09157,PLIPA2E181
rxn09158,PLIPA2G120
rxn09159,PLIPA2G140
rxn09160,PLIPA2G141
rxn09161,PLIPA2G160
rxn09162,PLIPA2G161
rxn09163,PLIPA2G180
rxn09164,PLIPA2G181
rxn09167,POX
rxn09177,r0671
rxn09180,PPPGO3
rxn09188,PROD2
rxn09197,PSD120
rxn09198,PSD140
rxn09199,PSD141
rxn09200,PSD160
rxn09201,PSD161
rxn09202,PSD180
rxn09203,PSD181
rxn09205,PSSA120
rxn09206,PSSA140
rxn09207,PSSA141
rxn09208,PSSA160
rxn09209,PSSA161
rxn09210,PSSA180
rxn09211,PSSA181
rxn09225,RHAT1
rxn09240,SADT2
rxn09264,SPMDAT1
rxn09265,SPMDAT2
rxn09272,SUCDi
rxn09289,TDPADGAT
rxn09296,THIORDXi
rxn09310,THZPSN
rxn09313,TMAOR1
rxn09315,TMAOR2
rxn09345,UDCPDPS
rxn09448,FACOAL181
rxn09449,FACOAL180
rxn09450,FACOAL161
rxn09562,GK2
rxn09657,THMt3
rxn09674,LYSt2r
rxn09685,DURIt2
rxn09687,DINSt2
rxn09688,DGSNt2
rxn09692,CHLt2r
rxn09944,MMSAD2
rxn09953,ACTNDH
rxn09978,MADGBG
rxn09979,MBDGBG
rxn09988,ARABASE3e
rxn09989,DEXTRINASE
rxn09992,6PHBG
rxn09996,TEICH45
rxn09997,AHMMPS
rxn10010,ACOAD2
rxn10011,ACOAD3rev
rxn10012,ACOAD4rev
rxn10013,ACOAD5rev
rxn10014,ACOAD6rev
rxn10042,ATPS4
rxn10052,ADK2
rxn10060,NADK2
rxn10067,FDMO5
rxn10094,AMMQT8r
rxn10113,CYTBD
rxn10114,FDH2
rxn10116,GLCDe
rxn10117,HYD3
rxn10118,HYD1
rxn10119,HYD2
rxn10120,NO3R1
rxn10121,NO3R2
rxn10122,NADH6
rxn10125,THD2
rxn10126,SUCD4
rxn10127,TMAOR1e
rxn10128,TMAOR2e
rxn10131,r1667
rxn10132,CYNTt2
rxn10133,PPPNt2r
rxn10136,GLUABUTt7
rxn10145,DAPabc
rxn10147,CBL1abc
rxn10148,CADVt
rxn10149,CRNt7
rxn10150,CITt7
rxn10151,ASPt2_2
rxn10152,FUMt2_2
rxn10153,MALt2_2
rxn10154,SUCCt2_2
rxn10155,ASPt2_3
rxn10157,SUCCt2_3
rxn10160,GALCTNt2r
rxn10161,OCDCAt2
rxn10162,HDCAt2
rxn10163,TTDCAt2
rxn10167,IDONt2r
rxn10168,HKt
rxn10169,LCTSt
rxn10174,MALTHXabc
rxn10180,PNTOt4
rxn10181,NMNP
rxn10182,PTRCORNt7
rxn10184,SBTpts
rxn10187,MAN6Pt6_2
rxn10188,F1PPt
rxn10191,rxn10191
rxn10192,rxn10192
rxn10193,rxn10193
rxn10194,rxn10194
rxn10195,rxn10195
rxn10196,rxn10196
rxn10199,PEPGLY
rxn10202,G3PAT160
rxn10203,G3PAT140
rxn10204,G3PAT180
rxn10205,G3PATI17
rxn10206,G3PATAI17
rxn10207,G3PATI14
rxn10208,G3PATI15
rxn10209,G3PATAI15
rxn10210,G3PATI16
rxn10211,ACOAAGPAT160
rxn10212,ACOAAGPAT140
rxn10213,ACOAAGPAT180
rxn10214,ACOAAGPATAI17
rxn10215,ACOAAGPATI17
rxn10216,ACOAAGPATI14
rxn10217,ACOAAGPATI15
rxn10218,ACOAAGPATAI15
rxn10219,ACOAAGPATI16
rxn10220,DASYNI17
rxn10221,DASYNAI17
rxn10222,DASYNI14
rxn10223,DASYNI15
rxn10224,DASYNAI15
rxn10225,DASYNI16
rxn10226,PSSAI17
rxn10227,PSSAAI17
rxn10228,PSSAI14
rxn10229,PSSAI15
rxn10230,PSSAAI15
rxn10231,PSSAI16
rxn10232,PSDI17
rxn10233,PSDAI17
rxn10234,PSDI14
rxn10235,PSDI15
rxn10236,PSDAI15
rxn10237,PSDI16
rxn10253,IHDGK
rxn10254,IAHDGK
rxn10255,ITDGK
rxn10256,IPDGK
rxn10257,IAPDGK
rxn10258,IHXDGK
rxn10259,PGSAI17
rxn10260,PGSAAI17
rxn10261,PGSAI14
rxn10262,PGSAI15
rxn10263,PGSAAI15
rxn10264,PGSAI16
rxn10265,PGPPI17
rxn10266,PGPPAI17
rxn10267,PGPPI14
rxn10268,PGPPI15
rxn10269,PGPPAI15
rxn10270,PGPPI16
rxn10289,TECA1S160
rxn10290,TECA1S140
rxn10291,TECA1S180
rxn10292,TECA1SI17
rxn10293,TECA1SAI17
rxn10294,TECA1SI14
rxn10295,TECA1SI15
rxn10296,TECA1SAI15
rxn10297,TECA1SI16
rxn10298,rxn10298
rxn10299,rxn10299
rxn10300,rxn10300
rxn10301,rxn10301
rxn10302,rxn10302
rxn10303,rxn10303
rxn10304,rxn10304
rxn10305,rxn10305
rxn10306,rxn10306
rxn10307,TECA5S160
rxn10308,TECA5S140
rxn10309,TECA5S180
rxn10310,TECA5SI17
rxn10311,TECA5SAI17
rxn10312,TECA5SI14
rxn10313,TECA5SI15
rxn10314,TECA5SAI15
rxn10315,TECA5SI16
rxn10316,rxn10316
rxn10317,rxn10317
rxn10318,rxn10318
rxn10319,rxn10319
rxn10320,rxn10320
rxn10321,rxn10321
rxn10322,rxn10322
rxn10323,rxn10323
rxn10324,rxn10324
rxn10334,CLPNS160
rxn10335,CLPNS140
rxn10336,CLPNS180
rxn10337,CLPNSI17
rxn10338,CLPNSAI17
rxn10339,CLPNSI14
rxn10340,CLPNSI15
rxn10341,CLPNSAI15
rxn10342,CLPNSI16
rxn10343,HG2abc
rxn10344,PBt
rxn10447,CA2abc
rxn10473,r2137
rxn10474,COBALTt5
rxn10481,Cuabc
rxn10541,H2St
rxn10571,MG2abc
rxn10770,CHOLD
rxn10806,CYTBD2
rxn10823,NARK
rxn10824,ORNt
rxn10857,CYTDt4
rxn10892,THMDt4
rxn10895,URIt4
rxn10945,PROte
rxn11268,PPIt2e
rxn11544,R05224
rxn11702,SEPHCHS
rxn11703,SHCHCS3
rxn11944,5MTHCYST
rxn11946,DMQMT2
rxn12008,HETT
rxn12146,5DGCLURI
rxn12147,DKDID2
rxn12206,MALDC
rxn12224,2OMPHH
rxn12405,BHBtp
rxn12500,TCBO
rxn12510,PNTK
rxn12512,PPNCL3
rxn12633,ALAASP1c
rxn12634,GLYGLU1c
rxn12635,GLYMET1c
rxn12636,METALA1c
rxn12637,GLYASP1c
rxn12638,GLYPROPRO1c
rxn12639,ALAGLN1c
rxn12640,ALAGLU1c
rxn12641,ALAGLY1c
rxn12642,ALAHIS1c
rxn12643,ALALEU1c
rxn12644,ALATHR1c
rxn12645,GLYASN1c
rxn12646,GLYGLN1c
rxn12844,AMPTASECG
rxn12845,GLYLEUHYDROc
rxn12846,GLYPHEHYc
rxn12847,GLYTYR1c
rxn12848,CGLYabc
rxn12849,GLYLEUPEPT1tc
rxn12850,GLYPHEabc
rxn12851,GLYTYRabc
rxn13477,IPFPHS
rxn13782,pbiosynthesis
rxn13783,dreplication
rxn13784,rtranscription
bio1,biomass
bio2,biomass
